Slice/M0/INITIALISATION/turn_type/INV,proved,10,rodin
Slice/M0/INITIALISATION/val_type/INV,proved,9,rodin
Slice/M0/INITIALISATION/init_turn/FIS,proved,3,rodin
Slice/M0/INITIALISATION/init_val/FIS,proved,1,rodin
Slice/M0/reset/turn_type/INV,proved,71,Z3/quick
Slice/M0/reset/val_type/INV,proved,78,Z3/quick
Slice/M0/step/next/WD,proved,69,Z3/quick×2
Slice/M0/step/thread/THM,proved,299,Z3/all
Slice/M0/step/turn_type/INV,proved,10,rodin
Slice/M0/step/val_type/INV,proved,172,Z3/quick
Slice/M0/step/own/WD,proved,904,Z3/quick split(turn)
Slice/M1/INITIALISATION/val'/WFIS,proved,1258,split(rot')
Slice/M1/INITIALISATION/rot_type/INV,proved,21,rodin
Slice/M1/INITIALISATION/f_rec_type/INV,proved,10,rodin
Slice/M1/INITIALISATION/x_rec_type/INV,proved,13,rodin
Slice/M1/INITIALISATION/d_rec_type/INV,proved,1,rodin
Slice/M1/INITIALISATION/r_rec_type/INV,proved,1,rodin
Slice/M1/INITIALISATION/e_rec_type/INV,proved,14,rodin
Slice/M1/INITIALISATION/m1_rec_type/INV,proved,19,rodin
Slice/M1/INITIALISATION/m2_rec_type/INV,proved,1,rodin
Slice/M1/INITIALISATION/w_rec_type/INV,proved,1,rodin
Slice/M1/INITIALISATION/turn_rot/INV,proved,7,rodin
Slice/M1/INITIALISATION/where_0/INV,proved,15,rodin
Slice/M1/INITIALISATION/where_1/INV,proved,8,rodin
Slice/M1/INITIALISATION/where_2/INV,proved,13,rodin
Slice/M1/INITIALISATION/where_3/INV,proved,11,rodin
Slice/M1/INITIALISATION/where_4/INV,proved,9,rodin
Slice/M1/INITIALISATION/where_5/INV,proved,16,rodin
Slice/M1/INITIALISATION/where_6/INV,proved,7,rodin
Slice/M1/INITIALISATION/where_7/INV,proved,14,rodin
Slice/M1/INITIALISATION/init_rot/FIS,proved,1,rodin
Slice/M1/INITIALISATION/init_f_rec/FIS,proved,7,rodin
Slice/M1/INITIALISATION/init_x_rec/FIS,proved,8,rodin
Slice/M1/INITIALISATION/init_d_rec/FIS,proved,12,rodin
Slice/M1/INITIALISATION/init_r_rec/FIS,proved,4,rodin
Slice/M1/INITIALISATION/init_e_rec/FIS,proved,10,rodin
Slice/M1/INITIALISATION/init_m1_rec/FIS,proved,1,rodin
Slice/M1/INITIALISATION/init_m2_rec/FIS,proved,1,rodin
Slice/M1/INITIALISATION/init_w_rec/FIS,proved,3,rodin
Slice/M1/INITIALISATION/init_turn/SIM,proved,2,rodin
Slice/M1/INITIALISATION/init_val/SIM,proved,1871,veriT/selected
Slice/M1/reset/rot_type/INV,proved,26,Z3/quick
Slice/M1/reset/f_rec_type/INV,proved,22,Z3/quick
Slice/M1/reset/x_rec_type/INV,proved,15,Z3/quick
Slice/M1/reset/d_rec_type/INV,proved,16,Z3/quick
Slice/M1/reset/r_rec_type/INV,proved,37,Z3/quick
Slice/M1/reset/e_rec_type/INV,proved,38,Z3/quick
Slice/M1/reset/m1_rec_type/INV,proved,28,Z3/quick
Slice/M1/reset/m2_rec_type/INV,proved,40,Z3/quick
Slice/M1/reset/w_rec_type/INV,proved,35,Z3/quick
Slice/M1/reset/turn_rot/INV,proved,5,rodin
Slice/M1/reset/where_0/INV,proved,57,Z3/quick
Slice/M1/reset/where_1/INV,proved,2,rodin
Slice/M1/reset/where_2/INV,proved,16,rodin
Slice/M1/reset/where_3/INV,proved,2,rodin
Slice/M1/reset/where_4/INV,proved,21,rodin
Slice/M1/reset/where_5/INV,proved,9,rodin
Slice/M1/reset/where_6/INV,proved,7,rodin
Slice/M1/reset/where_7/INV,proved,11,rodin
Slice/M1/clock/t/WWD,proved,33,Z3/quick×2
Slice/M1/clock/rot_type/INV,proved,20,Z3/quick
Slice/M1/clock/f_rec_type/INV,proved,226,veriT/all
Slice/M1/clock/x_rec_type/INV,proved,4,rodin
Slice/M1/clock/d_rec_type/INV,proved,2,rodin
Slice/M1/clock/r_rec_type/INV,proved,2,rodin
Slice/M1/clock/e_rec_type/INV,proved,2,rodin
Slice/M1/clock/m1_rec_type/INV,proved,2,rodin
Slice/M1/clock/m2_rec_type/INV,proved,1,rodin
Slice/M1/clock/w_rec_type/INV,proved,1,rodin
Slice/M1/clock/turn_rot/INV,proved,3,rodin
Slice/M1/clock/where_0/INV,proved,2848,split(rot)
Slice/M1/clock/where_1/INV,proved,2930,split(rot)
Slice/M1/clock/where_2/INV,proved,2877,split(rot)
Slice/M1/clock/where_3/INV,proved,3043,split(rot)
Slice/M1/clock/where_4/INV,proved,2497,split(rot)
Slice/M1/clock/where_5/INV,proved,2964,split(rot)
Slice/M1/clock/where_6/INV,proved,2516,split(rot)
Slice/M1/clock/where_7/INV,proved,3157,split(rot)
Slice/M1/clock/next/GRD,proved,416,veriT/all
Slice/M1/clock/rot/WD,proved,49,Z3/quick×2
Slice/M1/clock/f_rec/WD,proved,41,Z3/quick×2
Slice/M2/INITIALISATION/d_rec_width/INV,proved,12,rodin
Slice/M2/INITIALISATION/e_rec_width/INV,proved,12,rodin
Slice/M2/INITIALISATION/f_rec_width/INV,proved,8,rodin
Slice/M2/INITIALISATION/m1_rec_width/INV,proved,13,rodin
Slice/M2/INITIALISATION/m2_rec_width/INV,proved,2,rodin
Slice/M2/INITIALISATION/r_rec_width/INV,proved,6,rodin
Slice/M2/INITIALISATION/rot_width/INV,proved,17,rodin
Slice/M2/INITIALISATION/w_rec_width/INV,proved,3,rodin
Slice/M2/INITIALISATION/x_rec_width/INV,proved,10,rodin
Slice/M2/reset/d_rec_width/INV,proved,34,Z3/quick
Slice/M2/reset/e_rec_width/INV,proved,34,Z3/quick
Slice/M2/reset/f_rec_width/INV,proved,32,Z3/quick
Slice/M2/reset/m1_rec_width/INV,proved,28,Z3/quick
Slice/M2/reset/m2_rec_width/INV,proved,20,Z3/quick
Slice/M2/reset/r_rec_width/INV,proved,46,Z3/quick
Slice/M2/reset/rot_width/INV,proved,47,Z3/quick
Slice/M2/reset/w_rec_width/INV,proved,25,Z3/quick
Slice/M2/reset/x_rec_width/INV,proved,23,Z3/quick
Slice/M2/reset/d_rec/WD,proved,27,Z3/quick
Slice/M2/reset/e_rec/WD,proved,29,Z3/quick
Slice/M2/reset/f_rec/WD,proved,40,Z3/quick×3
Slice/M2/reset/m1_rec/WD,proved,34,Z3/quick
Slice/M2/reset/m2_rec/WD,proved,26,Z3/quick
Slice/M2/reset/r_rec/WD,proved,18,Z3/quick
Slice/M2/reset/rot/WD,proved,90,Z3/quick×7
Slice/M2/reset/w_rec/WD,proved,30,Z3/quick
Slice/M2/reset/x_rec/WD,proved,37,Z3/quick
Slice/M2/reset/reset_rot/SIM,proved,29,Z3/quick
Slice/M2/reset/reset_f_rec/SIM,proved,4,rodin
Slice/M2/reset/reset_x_rec/SIM,proved,18,rodin
Slice/M2/reset/reset_d_rec/SIM,proved,6,rodin
Slice/M2/reset/reset_r_rec/SIM,proved,30,rodin
Slice/M2/reset/reset_e_rec/SIM,proved,3,rodin
Slice/M2/reset/reset_m1_rec/SIM,proved,4,rodin
Slice/M2/reset/reset_m2_rec/SIM,proved,23,rodin
Slice/M2/reset/reset_w_rec/SIM,proved,25,rodin
Slice/M2/clock/d_rec_width/INV,proved,8,rodin
Slice/M2/clock/e_rec_width/INV,proved,7,rodin
Slice/M2/clock/f_rec_width/INV,proved,181,veriT/all
Slice/M2/clock/m1_rec_width/INV,proved,10,rodin
Slice/M2/clock/m2_rec_width/INV,proved,7,rodin
Slice/M2/clock/r_rec_width/INV,proved,5,rodin
Slice/M2/clock/rot_width/INV,proved,55,Z3/quick
Slice/M2/clock/w_rec_width/INV,proved,12,rodin
Slice/M2/clock/x_rec_width/INV,proved,5,rodin
Slice/M2/clock/d_rec/WD,proved,34,Z3/quick
Slice/M2/clock/e_rec/WD,proved,36,Z3/quick
Slice/M2/clock/f_rec/WD,proved,52,Z3/quick×3
Slice/M2/clock/m1_rec/WD,proved,28,Z3/quick
Slice/M2/clock/m2_rec/WD,proved,54,Z3/quick
Slice/M2/clock/r_rec/WD,proved,26,Z3/quick
Slice/M2/clock/rot/WD,proved,120,Z3/quick×7
Slice/M2/clock/w_rec/WD,proved,31,Z3/quick
Slice/M2/clock/x_rec/WD,proved,47,Z3/quick
Slice/M2/clock/rot/SIM,proved,182,veriT/all
Slice/M2/clock/f_rec/SIM,proved,8,rodin
Slice/M2/clock/x_rec/SIM,proved,6,rodin
Slice/M2/clock/d_rec/SIM,proved,11,rodin
Slice/M2/clock/r_rec/SIM,proved,6,rodin
Slice/M2/clock/e_rec/SIM,proved,7,rodin
Slice/M2/clock/m1_rec/SIM,proved,16,rodin
Slice/M2/clock/m2_rec/SIM,proved,13,rodin
Slice/M2/clock/w_rec/SIM,proved,7,rodin
