RotLaps/M0/INITIALISATION/inv1/INV,proved,15,rodin
RotLaps/M0/tick/inv1/INV,proved,59,Z3/quick
RotLaps/M1/cover/THM,proved,99,Z3/quick
RotLaps/M1/INITIALISATION/inv1/INV,proved,169,CVC3/all
RotLaps/M1/INITIALISATION/glue/INV,proved,11,rodin
RotLaps/M1/wrap/inv1/INV,proved,74,Z3/quick
RotLaps/M1/wrap/glue/INV,proved,153,Z3/quick CVC3/none
RotLaps/M1/step/inv1/INV,proved,27,Z3/quick
RotLaps/M1/step/glue/INV,proved,19,rodin
FieldInt/M0/INITIALISATION/fields/INV,proved,32,Z3/quick×3
FieldInt/M0/insert/fields/INV,proved,11,rodin
FieldInt/M1/INITIALISATION/word/INV,proved,17,Z3/quick
FieldInt/M1/INITIALISATION/glue/INV,proved,10,rodin
FieldInt/M1/insert/word/INV,proved,39,Z3/quick
FieldInt/M1/insert/glue/INV,proved,540,CVC3/all
FieldInt/M1/extract/grd1/GRD,proved,560,CVC3/all
DecodeInt/M0/INITIALISATION/fields/INV,proved,41,Z3/quick×3
DecodeInt/M0/set_rd/fields/INV,proved,13,rodin
DecodeInt/M1/INITIALISATION/word/INV,proved,24,Z3/quick
DecodeInt/M1/INITIALISATION/glue/INV,proved,18,rodin
DecodeInt/M1/decode/grd1/GRD,proved,2989,Z3/all CVC3/all×4 cvc5/all
DecodeInt/M1/set_rd/word/INV,proved,41,Z3/quick
DecodeInt/M1/set_rd/glue/INV,proved,779,CVC3/all
AddInt/M0/INITIALISATION/words/INV,proved,18,Z3/quick
AddInt/M0/load/words/INV,proved,7,rodin
AddInt/M0/add/words/INV,proved,8,rodin
AddInt/M0/sub/words/INV,proved,5,rodin
AddInt/M1/add/grd1/GRD,proved,147,Z3/quick×2
AddInt/M1/add/act1/SIM,proved,46,rodin
AddInt/M1/sub/grd1/GRD,proved,177,Z3/quick×3
AddInt/M1/sub/act1/SIM,proved,55,rodin
Shift/M0/INITIALISATION/words/INV,proved,15,Z3/quick
Shift/M0/load/words/INV,proved,4,rodin
Shift/M0/sll/words/INV,proved,13,rodin
Shift/M0/srl/words/INV,proved,23,Z3/quick
Shift/M1/sll/act1/SIM,proved,3412,CVC3/selected
Shift/M1/srl/act1/SIM,proved,45,Z3/quick
BridgeRegion/M0/INITIALISATION/outputs/INV,proved,15,Z3/quick
BridgeRegion/M0/eval/outputs/INV,proved,24,Z3/quick
BridgeRegion/M0/eval/act0/WD,proved,28,Z3/quick×2
BridgeRegion/M1/eval/act0/WD,proved,24,Z3/quick×2
BridgeRegion/M1/eval/act0/SIM,proved,25,Z3/quick
BridgeAluGates/M0/INITIALISATION/word/INV,proved,44,Z3/quick
BridgeAluGates/M0/add/word/INV,proved,52,Z3/quick
BridgeAluGates/M0/add/act1/WD,proved,130,Z3/quick×2
BridgeAluGates/M0/sub/word/INV,proved,60,Z3/quick
BridgeAluGates/M0/sub/act1/WD,proved,172,Z3/quick×2
BridgeAluGates/M0/sll/word/INV,proved,327,Z3/quick
BridgeAluGates/M0/sll/act1/WD,proved,1912,Z3/quick×62
BridgeAluGates/M0/slt/word/INV,proved,62,Z3/quick
BridgeAluGates/M0/slt/act1/WD,proved,98,Z3/quick×2
BridgeAluGates/M0/sltu/word/INV,proved,98,Z3/quick
BridgeAluGates/M0/sltu/act1/WD,proved,103,Z3/quick×2
BridgeAluGates/M0/xor/word/INV,proved,376,Z3/quick
BridgeAluGates/M0/srl/word/INV,proved,349,Z3/quick
BridgeAluGates/M0/srl/act1/WD,proved,1785,Z3/quick×62
BridgeAluGates/M0/sra/word/INV,proved,370,Z3/quick
BridgeAluGates/M0/sra/act1/WD,proved,1580,Z3/quick×62
BridgeAluGates/M0/or/word/INV,proved,111,Z3/quick
BridgeAluGates/M0/and/word/INV,proved,118,Z3/quick
BridgeAluGates/M1/sll_1_0/op/GRD,proved,45,rodin
BridgeAluGates/M1/sll_1_1/op/GRD,proved,58,rodin
BridgeAluGates/M1/slt_2_0/op/GRD,proved,31,rodin
BridgeAluGates/M1/slt_2_1/op/GRD,proved,39,rodin
BridgeAluGates/M1/sltu_3_0/op/GRD,proved,20,rodin
BridgeAluGates/M1/sltu_3_1/op/GRD,proved,27,rodin
BridgeAluGates/M1/xor_4_0/op/GRD,proved,275,rodin
BridgeAluGates/M1/xor_4_1/op/GRD,proved,65,rodin
BridgeAluGates/M1/sra_5_1/act1/WD,proved,1471,Z3/quick×62
BridgeAluGates/M1/sra_5_1/act1/SIM,proved,446,Z3/quick
BridgeAluGates/M1/or_6_0/op/GRD,proved,229,rodin
BridgeAluGates/M1/or_6_1/op/GRD,proved,62,rodin
BridgeAluGates/M1/and_7_0/op/GRD,proved,73,rodin
BridgeAluGates/M1/and_7_1/op/GRD,proved,78,rodin
