RotLaps/M0/INITIALISATION/inv1/INV,proved,7,rodin
RotLaps/M0/tick/inv1/INV,proved,356,Z3/quick
RotLaps/M1/cover/THM,proved,36,Z3/quick
RotLaps/M1/INITIALISATION/inv1/INV,proved,125,CVC3/all
RotLaps/M1/INITIALISATION/glue/INV,proved,8,rodin
RotLaps/M1/wrap/inv1/INV,proved,47,Z3/quick
RotLaps/M1/wrap/glue/INV,proved,104,Z3/quick CVC3/none
RotLaps/M1/step/inv1/INV,proved,41,Z3/quick
RotLaps/M1/step/glue/INV,proved,17,rodin
FieldInt/M0/INITIALISATION/fields/INV,proved,32,Z3/quick×3
FieldInt/M0/insert/fields/INV,proved,7,rodin
FieldInt/M1/INITIALISATION/word/INV,proved,22,Z3/quick
FieldInt/M1/INITIALISATION/glue/INV,proved,2,rodin
FieldInt/M1/insert/word/INV,proved,25,Z3/quick
FieldInt/M1/insert/glue/INV,proved,184,CVC3/all
FieldInt/M1/extract/grd1/GRD,proved,401,CVC3/all
DecodeInt/M0/INITIALISATION/fields/INV,proved,38,Z3/quick×3
DecodeInt/M0/set_rd/fields/INV,proved,8,rodin
DecodeInt/M1/INITIALISATION/word/INV,proved,24,Z3/quick
DecodeInt/M1/INITIALISATION/glue/INV,proved,12,rodin
DecodeInt/M1/decode/grd1/GRD,proved,2798,veriT/all CVC3/all×5
DecodeInt/M1/set_rd/word/INV,proved,50,Z3/quick
DecodeInt/M1/set_rd/glue/INV,proved,771,CVC3/all
AddInt/M0/INITIALISATION/words/INV,proved,36,Z3/quick
AddInt/M0/load/words/INV,proved,19,rodin
AddInt/M0/add/words/INV,proved,23,rodin
AddInt/M0/sub/words/INV,proved,7,rodin
AddInt/M1/add/grd1/GRD,proved,199,Z3/quick×2
AddInt/M1/add/act1/SIM,proved,66,rodin
AddInt/M1/sub/grd1/GRD,proved,250,Z3/quick×3
AddInt/M1/sub/act1/SIM,proved,44,rodin
Shift/M0/INITIALISATION/words/INV,proved,25,Z3/quick
Shift/M0/load/words/INV,proved,8,rodin
Shift/M0/sll/words/INV,proved,20,rodin
Shift/M0/srl/words/INV,proved,38,Z3/quick
Shift/M1/sll/act1/SIM,proved,3086,CVC3/selected
Shift/M1/srl/act1/SIM,proved,76,Z3/quick
BridgeRegion/M0/INITIALISATION/outputs/INV,proved,19,Z3/quick
BridgeRegion/M0/eval/outputs/INV,proved,40,Z3/quick
BridgeRegion/M0/eval/act0/WD,proved,44,Z3/quick×2
BridgeRegion/M1/eval/act0/WD,proved,25,Z3/quick×2
BridgeRegion/M1/eval/act0/SIM,proved,15,Z3/quick
BridgeAluGates/M0/INITIALISATION/word/INV,proved,35,Z3/quick
BridgeAluGates/M0/add/word/INV,proved,146,Z3/quick
BridgeAluGates/M0/add/act1/WD,proved,163,Z3/quick×2
BridgeAluGates/M0/sub/word/INV,proved,69,Z3/quick
BridgeAluGates/M0/sub/act1/WD,proved,48,Z3/quick×2
BridgeAluGates/M0/sll/word/INV,proved,329,Z3/quick
BridgeAluGates/M0/sll/act1/WD,proved,1808,Z3/quick×62
BridgeAluGates/M0/slt/word/INV,proved,111,Z3/quick
BridgeAluGates/M0/slt/act1/WD,proved,110,Z3/quick×2
BridgeAluGates/M0/sltu/word/INV,proved,78,Z3/quick
BridgeAluGates/M0/sltu/act1/WD,proved,95,Z3/quick×2
BridgeAluGates/M0/xor/word/INV,proved,474,Z3/quick
BridgeAluGates/M0/srl/word/INV,proved,325,Z3/quick
BridgeAluGates/M0/srl/act1/WD,proved,1692,Z3/quick×62
BridgeAluGates/M0/sra/word/INV,proved,273,Z3/quick
BridgeAluGates/M0/sra/act1/WD,proved,1379,Z3/quick×62
BridgeAluGates/M0/or/word/INV,proved,54,Z3/quick
BridgeAluGates/M0/and/word/INV,proved,72,Z3/quick
BridgeAluGates/M1/sll_1_0/op/GRD,proved,49,rodin
BridgeAluGates/M1/sll_1_1/op/GRD,proved,59,rodin
BridgeAluGates/M1/slt_2_0/op/GRD,proved,34,rodin
BridgeAluGates/M1/slt_2_1/op/GRD,proved,42,rodin
BridgeAluGates/M1/sltu_3_0/op/GRD,proved,31,rodin
BridgeAluGates/M1/sltu_3_1/op/GRD,proved,31,rodin
BridgeAluGates/M1/xor_4_0/op/GRD,proved,336,rodin
BridgeAluGates/M1/xor_4_1/op/GRD,proved,244,rodin
BridgeAluGates/M1/sra_5_1/act1/WD,proved,1353,Z3/quick×62
BridgeAluGates/M1/sra_5_1/act1/SIM,proved,475,Z3/quick
BridgeAluGates/M1/or_6_0/op/GRD,proved,127,rodin
BridgeAluGates/M1/or_6_1/op/GRD,proved,70,rodin
BridgeAluGates/M1/and_7_0/op/GRD,proved,76,rodin
BridgeAluGates/M1/and_7_1/op/GRD,proved,24,rodin
