--abstract-values	timeout	5.0
--arith-brab	timeout	5.0
--ackermann	timeout	5.0
--arith-eq-solver	timeout	5.0
--arith-exp	timeout	5.0
--arith-rewrite-equalities	timeout	5.0
--arrays-eager-index	timeout	5.0
--arith-static-learning	timeout	5.0
--arrays-eager-lemmas	timeout	5.0
--arrays-optimize-linear	timeout	5.0
--arrays-reduce-sharing	timeout	5.0
--arrays-exp	timeout	5.0
--arrays-weak-equiv	timeout	5.0
--assign-function-values	timeout	5.0
--bitwise-eq	timeout	5.0
--cbqi	timeout	5.0
--cbqi-all-conflict	timeout	5.0
--cbqi-skip-rd	timeout	5.0
--cbqi-tconstraint	timeout	5.0
--cbqi-vo-exp	timeout	5.0
--cdt-bisimilar	timeout	5.0
--cegqi	timeout	5.0
--cegqi-full	timeout	5.0
--cegqi-all	timeout	5.0
--cegqi-inf-int	timeout	5.0
--cegqi-inf-real	timeout	5.0
--cegqi-midpoint	timeout	5.0
--cegqi-innermost	timeout	5.0
--cegqi-min-bounds	timeout	5.0
--cegqi-multi-inst	timeout	5.0
--cegqi-nested-qe	timeout	5.0
--cegqi-nopt	timeout	5.0
--cegqi-round-up-lia	timeout	5.0
--condense-function-values	timeout	5.0
--collect-pivot-stats	timeout	5.0
--conjecture-gen	timeout	5.0
--cons-exp-triggers	timeout	5.0
--cut-all-bounded	timeout	5.0
--datatypes-exp	timeout	5.0
--dio-decomps	timeout	5.0
--dio-solver	timeout	5.0
--e-matching	timeout	5.0
--early-exit	timeout	5.0
--eager-arith-bv-conv	timeout	5.0
--early-ite-removal	timeout	5.0
--elim-taut-quant	timeout	5.0
--enum-inst-interleave	timeout	5.0
--enum-inst	timeout	5.0
--enum-inst-rd	timeout	5.0
--enum-inst-stratify	timeout	5.0
--enum-inst-sum	timeout	5.0
--ext-rewrite-quant	timeout	5.0
--fc-penalties	timeout	5.0
--filesystem-access	timeout	5.0
--finite-model-find	timeout	5.0
--fmf-bound	timeout	5.0
--fmf-bound-blast	timeout	5.0
--fmf-bound-lazy	timeout	5.0
--fmf-fun	timeout	5.0
--fmf-fun-rlv	timeout	5.0
--force-no-limit-cpu-while-dump	timeout	5.0
--foreign-theory-rewrite	timeout	5.0
--full-saturate-quant	timeout	5.0
--full-sygus-verify	timeout	5.0
--ho-elim	timeout	5.0
--ho-elim-store-ax	timeout	5.0
--ho-matching	timeout	5.0
--ho-merge-term-db	timeout	5.0
--increment-triggers	timeout	5.0
--inst-local	timeout	5.0
--inst-no-entail	timeout	5.0
--int-wf-ind	timeout	5.0
--ite-simp	timeout	5.0
--jh-rlv-order	timeout	5.0
--leibniz-elim	timeout	5.0
--learned-rewrite	timeout	5.0
--lemma-inprocess-infer-eq-lit	timeout	5.0
--lemmas-on-replay-failure	timeout	5.0
--lfsc-flatten	timeout	5.0
--lfsc-expand-trust	timeout	5.0
--macros-quant	timeout	5.0
--mbqi	timeout	5.0
--mbqi-enum-choice-grammar	timeout	5.0
--mbqi-enum	timeout	5.0
--mbqi-enum-choice-grammar-all	timeout	5.0
--mbqi-enum-ext-vars-grammar	timeout	5.0
--mbqi-enum-global-syms-grammar	timeout	5.0
--mbqi-enum-free-syms-grammar	timeout	5.0
--mbqi-interleave	timeout	5.0
--mbqi-nested-check	timeout	5.0
--mbqi-one-inst-per-round	timeout	5.0
--minimal-unsat-cores	timeout	5.0
--minisat-dump-dimacs	timeout	5.0
--miniscope-quant-user	timeout	5.0
--miplib-trick	timeout	5.0
--model-based-arith-bv-conv	timeout	5.0
--model-var-elim-uneval	timeout	5.0
--multi-trigger-cache	timeout	5.0
--multi-trigger-linear	timeout	5.0
--multi-trigger-priority	timeout	5.0
--multi-trigger-when-single	timeout	5.0
--new-prop	timeout	5.0
--nl-ext-ent-conf	timeout	5.0
--nl-ext-factor	timeout	5.0
--nl-ext-flatten-mon	timeout	5.0
--nl-ext-inc-prec	timeout	5.0
--nl-ext-initial-sign-lemmas	timeout	5.0
--nl-ext-purify	timeout	5.0
--nl-ext-rbound	timeout	5.0
--nl-ext-rewrite	timeout	5.0
--nl-ext-split-zero	timeout	5.0
--nl-ext-tf-tplanes	timeout	5.0
--nl-ext-tplanes	timeout	5.0
--nl-ext-tplanes-interleave	timeout	5.0
--nl-icp	timeout	5.0
--nl-rlv-assert-bounds	timeout	5.0
--on-repeat-ite-simp	timeout	5.0
--opt-res-reconstruction-size	timeout	5.0
--oracles	timeout	5.0
--partial-triggers	timeout	5.0
--pb-rewrites	timeout	5.0
--plugin-notify-sat-clause-in-solve	timeout	5.0
--plugin-share-skolems	timeout	5.0
--pool-inst	timeout	5.0
--preprocess-only	unknown	0.0
--pre-skolem-quant-nested	timeout	5.0
--prenex-quant-user	timeout	5.0
--proof-alethe-define-skolems	timeout	5.0
--proof-alethe-res-pivots	timeout	5.0
--proof-alethe-testing	timeout	5.0
--proof-allow-trust	timeout	5.0
--proof-chain-m-res	timeout	5.0
--proof-dag-global	timeout	5.0
--proof-log	(define @t1 () (>= k0 2))	0.0
--proof-dot-dag	timeout	5.0
--proof-elim-subtypes	timeout	5.0
--proof-pp-merge	timeout	5.0
--proof-print-conclusion	timeout	5.0
--proof-print-reference	timeout	5.0
--proof-prune-input	timeout	5.0
--purify-triggers	timeout	5.0
--quant-alpha-equiv	timeout	5.0
--quant-fun-wd	timeout	5.0
--quant-ind	timeout	5.0
--random-partitioning	timeout	5.0
--register-quant-body-terms	timeout	5.0
--relational-triggers	timeout	5.0
--relevance-filter	timeout	5.0
--relevant-triggers	timeout	5.0
--rels-exp	timeout	5.0
--repeat-simp	timeout	5.0
--restrict-pivots	timeout	5.0
--revert-arith-models-on-unsat	timeout	5.0
--sat-proof-min-dimacs	timeout	5.0
--se-solve-int	timeout	5.0
--segv-spin	timeout	5.0
--simp-ite-compress	timeout	5.0
--simp-with-care	timeout	5.0
--simplification-bcp	timeout	5.0
--soi-qe	timeout	5.0
--solve-real-as-int	timeout	5.0
--sort-inference	timeout	5.0
--static-learning	timeout	5.0
--sub-cbqi	timeout	5.0
--symmetry-breaker	timeout	5.0
--term-sort-overload	timeout	5.0
--tptp-model-verification	timeout	5.0
--tptp-models	timeout	5.0
--type-checking	timeout	5.0
--uf-card-exp	timeout	5.0
--uf-ho-exp	timeout	5.0
--uf-ho-ext	timeout	5.0
--uf-lambda-qe	timeout	5.0
--uf-lazy-ll	timeout	5.0
--uf-ss-fair	timeout	5.0
--unconstrained-simp	timeout	5.0
--use-approx	timeout	5.0
--use-fcsimplex	timeout	5.0
--use-portfolio	timeout	5.0
--use-soi	timeout	5.0
--var-elim-quant	timeout	5.0
--var-ent-eq-elim-quant	timeout	5.0
--var-ineq-elim-quant	timeout	5.0
