BitsAddCone/M0/INITIALISATION/word/INV,proved,133,z3new/quick
BitsAddCone/M0/add/word/INV,proved,141,z3new/quick
BitsAddCone/M0/add/act1/WD,proved,150,z3new/quick×2
BitsAddCone/M1/add_0_0/bit0/THM,proved,238,z3new/quick
BitsAddCone/M1/add_0_0/bit1/THM,proved,280,z3new/quick
BitsAddCone/M1/add_0_0/bit2/THM,proved,350,z3new/quick
BitsAddCone/M1/add_0_0/bit3/THM,proved,268,z3new/quick
BitsAddCone/M1/add_0_0/bit4/THM,proved,257,z3new/quick
BitsAddCone/M1/add_0_0/bit5/THM,proved,407,z3new/quick
BitsAddCone/M1/add_0_0/bit6/THM,proved,535,z3new/quick
BitsAddCone/M1/add_0_0/bit7/THM,proved,531,z3new/quick
BitsAddCone/M1/add_0_0/bit8/THM,proved,734,z3new/quick
BitsAddCone/M1/add_0_0/bit9/THM,proved,643,z3new/quick
BitsAddCone/M1/add_0_0/bit10/THM,proved,880,z3new/quick
BitsAddCone/M1/add_0_0/bit11/THM,proved,638,z3new/quick
BitsAddCone/M1/add_0_0/bit12/THM,proved,962,z3new/quick
BitsAddCone/M1/add_0_0/bit13/THM,proved,767,z3new/quick
BitsAddCone/M1/add_0_0/bit14/THM,proved,819,z3new/quick
BitsAddCone/M1/add_0_0/bit15/THM,proved,811,z3new/quick
BitsAddCone/M1/add_0_0/bit16/THM,proved,6428,z3a2/selected
BitsAddCone/M1/add_0_0/bit17/THM,proved,1349,z3new/quick
BitsAddCone/M1/add_0_0/bit18/THM,proved,4067,z3a2/selected
BitsAddCone/M1/add_0_0/bit19/THM,proved,854,z3new/quick
BitsAddCone/M1/add_0_0/bit20/THM,proved,6150,z3new/selected
BitsAddCone/M1/add_0_0/bit21/THM,proved,4154,z3a2/selected
BitsAddCone/M1/add_0_0/bit22/THM,proved,4054,z3a2/selected
BitsAddCone/M1/add_0_0/bit23/THM,proved,4057,z3a2/selected
BitsAddCone/M1/add_0_0/bit24/THM,proved,5182,z3a2/selected
BitsAddCone/M1/add_0_0/bit25/THM,proved,1793,z3new/quick
BitsAddCone/M1/add_0_0/bit26/THM,proved,9133,z3new/selected
BitsAddCone/M1/add_0_0/bit27/THM,proved,5623,z3a2/selected
BitsAddCone/M1/add_0_0/bit28/THM,proved,8421,z3new/selected
BitsAddCone/M1/add_0_0/bit29/THM,proved,4794,z3a2/selected
BitsAddCone/M1/add_0_0/bit30/THM,proved,4167,z3new/selected
BitsAddCone/M1/add_0_0/bit31/THM,proved,4658,z3a2/selected
BitsAddCone/M1/add_0_0/act1/SIM,proved,2197,z3new/quick
