BitsCone/M0/INITIALISATION/word/INV,proved,145,z3new/quick
BitsCone/M0/xor/word/INV,proved,177,z3new/quick
BitsCone/M1/xor_4_0/bit0/THM,proved,772,z3new/quick×5
BitsCone/M1/xor_4_0/bit1/THM,proved,754,z3new/quick×4
BitsCone/M1/xor_4_0/bit2/THM,proved,793,z3new/quick×4
BitsCone/M1/xor_4_0/bit3/THM,proved,826,z3new/quick×4
BitsCone/M1/xor_4_0/bit4/THM,proved,834,z3new/quick×4
BitsCone/M1/xor_4_0/bit5/THM,proved,658,z3new/quick×4
BitsCone/M1/xor_4_0/bit6/THM,proved,992,z3new/quick×4
BitsCone/M1/xor_4_0/bit7/THM,proved,1191,z3new/quick×4
BitsCone/M1/xor_4_0/bit8/THM,proved,945,z3new/quick×4
BitsCone/M1/xor_4_0/bit9/THM,proved,906,z3new/quick×4
BitsCone/M1/xor_4_0/bit10/THM,proved,1064,z3new/quick×4
BitsCone/M1/xor_4_0/bit11/THM,proved,646,z3new/quick×4
BitsCone/M1/xor_4_0/bit12/THM,proved,1089,z3new/quick×4
BitsCone/M1/xor_4_0/bit13/THM,proved,1743,z3new/quick×4
BitsCone/M1/xor_4_0/bit14/THM,proved,1050,z3new/quick×4
BitsCone/M1/xor_4_0/bit15/THM,proved,1160,z3new/quick×4
BitsCone/M1/xor_4_0/bit16/THM,proved,2506,z3new/quick×4
BitsCone/M1/xor_4_0/bit17/THM,proved,3067,z3new/quick×4
BitsCone/M1/xor_4_0/bit18/THM,proved,1628,z3new/quick×4
BitsCone/M1/xor_4_0/bit19/THM,proved,2166,z3new/quick×4
BitsCone/M1/xor_4_0/bit20/THM,proved,5147,z3new/quick×4
BitsCone/M1/xor_4_0/bit21/THM,proved,4225,z3new/quick×4
BitsCone/M1/xor_4_0/bit22/THM,proved,2472,z3new/quick×4
BitsCone/M1/xor_4_0/bit23/THM,proved,2804,z3new/quick×4
BitsCone/M1/xor_4_0/bit24/THM,proved,5523,z3new/quick×4
BitsCone/M1/xor_4_0/bit25/THM,proved,5715,z3new/quick×4
BitsCone/M1/xor_4_0/bit26/THM,proved,6064,z3new/quick×4
BitsCone/M1/xor_4_0/bit27/THM,proved,2867,z3new/quick×4
BitsCone/M1/xor_4_0/bit28/THM,proved,5384,z3new/quick×4
BitsCone/M1/xor_4_0/bit29/THM,proved,5816,z3new/quick×4
BitsCone/M1/xor_4_0/bit30/THM,proved,7816,z3new/quick×4
BitsCone/M1/xor_4_0/bit31/THM,proved,5364,z3new/quick×4
BitsCone/M1/xor_4_0/op/GRD,proved,6974,rodin
BitsCone/M1/xor_4_0/xor_bits/GRD,proved,4527,rodin
BitsCone/M1/xor_4_1/bit0/THM,proved,3154,z3new/quick×5
BitsCone/M1/xor_4_1/bit1/THM,proved,1645,z3new/quick×4
BitsCone/M1/xor_4_1/bit2/THM,proved,1556,z3new/quick×4
BitsCone/M1/xor_4_1/bit3/THM,proved,1587,z3new/quick×4
BitsCone/M1/xor_4_1/bit4/THM,proved,1615,z3new/quick×4
BitsCone/M1/xor_4_1/bit5/THM,proved,437,z3new/quick×4
BitsCone/M1/xor_4_1/bit6/THM,proved,410,z3new/quick×4
BitsCone/M1/xor_4_1/bit7/THM,proved,794,z3new/quick×4
BitsCone/M1/xor_4_1/bit8/THM,proved,669,z3new/quick×4
BitsCone/M1/xor_4_1/bit9/THM,proved,808,z3new/quick×4
BitsCone/M1/xor_4_1/bit10/THM,proved,737,z3new/quick×4
BitsCone/M1/xor_4_1/bit11/THM,proved,1228,z3new/quick×4
BitsCone/M1/xor_4_1/bit12/THM,proved,1391,z3new/quick×4
BitsCone/M1/xor_4_1/bit13/THM,proved,1864,z3new/quick×4
BitsCone/M1/xor_4_1/bit14/THM,proved,1419,z3new/quick×4
BitsCone/M1/xor_4_1/bit15/THM,proved,1900,z3new/quick×4
BitsCone/M1/xor_4_1/bit16/THM,proved,3458,z3new/quick×4
BitsCone/M1/xor_4_1/bit17/THM,proved,2247,z3new/quick×4
BitsCone/M1/xor_4_1/bit18/THM,proved,1562,z3new/quick×4
BitsCone/M1/xor_4_1/bit19/THM,proved,1414,z3new/quick×4
BitsCone/M1/xor_4_1/bit20/THM,proved,2450,z3new/quick×4
BitsCone/M1/xor_4_1/bit21/THM,proved,3155,z3new/quick×4
BitsCone/M1/xor_4_1/bit22/THM,proved,2106,z3new/quick×4
BitsCone/M1/xor_4_1/bit23/THM,proved,3028,z3new/quick×4
BitsCone/M1/xor_4_1/bit24/THM,proved,2704,z3new/quick×4
BitsCone/M1/xor_4_1/bit25/THM,proved,3206,z3new/quick×4
BitsCone/M1/xor_4_1/bit26/THM,proved,7819,z3new/quick×4
BitsCone/M1/xor_4_1/bit27/THM,proved,6093,z3new/quick×4
BitsCone/M1/xor_4_1/bit28/THM,proved,2694,z3new/quick×4
BitsCone/M1/xor_4_1/bit29/THM,proved,3172,z3new/quick×4
BitsCone/M1/xor_4_1/bit30/THM,proved,7569,z3new/quick×4
BitsCone/M1/xor_4_1/bit31/THM,proved,7420,z3new/quick×4
BitsCone/M1/xor_4_1/op/GRD,proved,2378,rodin
BitsCone/M1/xor_4_1/xor_bits/GRD,proved,2888,rodin
