BitsRippleCone/M0/INITIALISATION/word/INV,proved,184,z3new/quick
BitsRippleCone/M0/add/word/INV,proved,157,z3new/quick
BitsRippleCone/M0/add/act1/WD,proved,178,z3new/quick×2
BitsRippleCone/M1/add_0_0/bit0/THM,proved,259,z3new/quick
BitsRippleCone/M1/add_0_0/bit1/THM,proved,321,z3new/quick
BitsRippleCone/M1/add_0_0/bit2/THM,proved,298,z3new/quick
BitsRippleCone/M1/add_0_0/bit3/THM,proved,287,z3new/quick
BitsRippleCone/M1/add_0_0/bit4/THM,proved,313,z3new/quick
BitsRippleCone/M1/add_0_0/bit5/THM,proved,324,z3new/quick
BitsRippleCone/M1/add_0_0/bit6/THM,proved,364,z3new/quick
BitsRippleCone/M1/add_0_0/bit7/THM,proved,499,z3new/quick
BitsRippleCone/M1/add_0_0/bit8/THM,proved,556,z3new/quick
BitsRippleCone/M1/add_0_0/bit9/THM,proved,749,z3new/quick
BitsRippleCone/M1/add_0_0/bit10/THM,proved,370,z3new/quick
BitsRippleCone/M1/add_0_0/bit11/THM,proved,395,z3new/quick
BitsRippleCone/M1/add_0_0/bit12/THM,proved,604,z3new/quick
BitsRippleCone/M1/add_0_0/bit13/THM,proved,739,z3new/quick
BitsRippleCone/M1/add_0_0/bit14/THM,proved,527,z3new/quick
BitsRippleCone/M1/add_0_0/bit15/THM,proved,630,z3new/quick
BitsRippleCone/M1/add_0_0/bit16/THM,proved,891,z3new/quick
BitsRippleCone/M1/add_0_0/bit17/THM,proved,937,z3new/quick
BitsRippleCone/M1/add_0_0/bit18/THM,proved,1131,z3new/quick
BitsRippleCone/M1/add_0_0/bit19/THM,proved,829,z3new/quick
BitsRippleCone/M1/add_0_0/bit20/THM,proved,1170,z3new/quick
BitsRippleCone/M1/add_0_0/bit21/THM,proved,1257,z3new/quick
BitsRippleCone/M1/add_0_0/bit22/THM,proved,1614,z3new/quick
BitsRippleCone/M1/add_0_0/bit23/THM,proved,1204,z3new/quick
BitsRippleCone/M1/add_0_0/bit24/THM,proved,1011,z3new/quick
BitsRippleCone/M1/add_0_0/bit25/THM,proved,1422,z3new/quick
BitsRippleCone/M1/add_0_0/bit26/THM,proved,1447,z3new/quick
BitsRippleCone/M1/add_0_0/bit27/THM,proved,1884,z3new/quick
BitsRippleCone/M1/add_0_0/bit28/THM,proved,1272,z3new/quick
BitsRippleCone/M1/add_0_0/bit29/THM,proved,2394,z3new/quick
BitsRippleCone/M1/add_0_0/bit30/THM,proved,2476,z3new/quick
BitsRippleCone/M1/add_0_0/bit31/THM,proved,1460,z3new/quick
BitsRippleCone/M1/add_0_0/act1/SIM,proved,720,z3new/quick
