BitsRippleInc/M0/INITIALISATION/word/INV,proved,178,z3new/quick
BitsRippleInc/M0/add/word/INV,proved,175,z3new/quick
BitsRippleInc/M0/add/act1/WD,proved,203,z3new/quick×2
BitsRippleInc/M1/add_0_0/bit0/THM,proved,256,z3new/quick
BitsRippleInc/M1/add_0_0/bit1/THM,proved,279,z3new/quick
BitsRippleInc/M1/add_0_0/bit2/THM,proved,339,z3new/quick
BitsRippleInc/M1/add_0_0/bit3/THM,proved,311,z3new/quick
BitsRippleInc/M1/add_0_0/bit4/THM,proved,337,z3new/quick
BitsRippleInc/M1/add_0_0/bit5/THM,proved,344,z3new/quick
BitsRippleInc/M1/add_0_0/bit6/THM,proved,207,z3new/quick
BitsRippleInc/M1/add_0_0/bit7/THM,proved,223,z3new/quick
BitsRippleInc/M1/add_0_0/bit8/THM,proved,462,z3new/quick
BitsRippleInc/M1/add_0_0/bit9/THM,proved,347,z3new/quick
BitsRippleInc/M1/add_0_0/bit10/THM,proved,269,z3new/quick
BitsRippleInc/M1/add_0_0/bit11/THM,proved,444,z3new/quick
BitsRippleInc/M1/add_0_0/bit12/THM,proved,503,z3new/quick
BitsRippleInc/M1/add_0_0/bit13/THM,proved,371,z3new/quick
BitsRippleInc/M1/add_0_0/bit14/THM,proved,604,z3new/quick
BitsRippleInc/M1/add_0_0/bit15/THM,proved,404,z3new/quick
BitsRippleInc/M1/add_0_0/bit16/THM,proved,747,z3new/quick
BitsRippleInc/M1/add_0_0/bit17/THM,proved,361,z3new/quick
BitsRippleInc/M1/add_0_0/bit18/THM,proved,1060,z3new/quick
BitsRippleInc/M1/add_0_0/bit19/THM,proved,584,z3new/quick
BitsRippleInc/M1/add_0_0/bit20/THM,proved,608,z3new/quick
BitsRippleInc/M1/add_0_0/bit21/THM,proved,1363,z3new/quick
BitsRippleInc/M1/add_0_0/bit22/THM,proved,671,z3new/quick
BitsRippleInc/M1/add_0_0/bit23/THM,proved,1631,z3new/quick
BitsRippleInc/M1/add_0_0/bit24/THM,proved,641,z3new/quick
BitsRippleInc/M1/add_0_0/bit25/THM,proved,907,z3new/quick
BitsRippleInc/M1/add_0_0/bit26/THM,proved,1487,z3new/quick
BitsRippleInc/M1/add_0_0/bit27/THM,proved,904,z3new/quick
BitsRippleInc/M1/add_0_0/bit28/THM,proved,1307,z3new/quick
BitsRippleInc/M1/add_0_0/bit29/THM,proved,1915,z3new/quick
BitsRippleInc/M1/add_0_0/bit30/THM,proved,1207,z3new/quick
BitsRippleInc/M1/add_0_0/bit31/THM,proved,2045,z3new/quick
BitsRippleInc/M1/add_0_0/act1/SIM,proved,1155,z3new/quick
