Slice_ring/M0/INITIALISATION/turn_type/INV,proved,17,rodin
Slice_ring/M0/INITIALISATION/val_type/INV,proved,23,rodin
Slice_ring/M0/INITIALISATION/init_turn/FIS,proved,20,rodin
Slice_ring/M0/INITIALISATION/init_val/FIS,proved,18,rodin
Slice_ring/M0/reset/turn_type/INV,proved,95,z3new/quick
Slice_ring/M0/reset/val_type/INV,proved,101,z3new/quick
Slice_ring/M0/step/next/WD,proved,104,z3new/quick×2
Slice_ring/M0/step/thread/THM,proved,349,veriT/all
Slice_ring/M0/step/turn_type/INV,proved,14,rodin
Slice_ring/M0/step/val_type/INV,proved,529,z3new/quick
Slice_ring/M0/step/own/WD,proved,918,z3new/quick split(turn)
Slice_ring/M1/INITIALISATION/val'/WFIS,proved,1284,split(rot')
Slice_ring/M1/INITIALISATION/rot_type/INV,proved,12,rodin
Slice_ring/M1/INITIALISATION/f_rec_type/INV,proved,13,rodin
Slice_ring/M1/INITIALISATION/x_rec_type/INV,proved,15,rodin
Slice_ring/M1/INITIALISATION/d_rec_type/INV,proved,2,rodin
Slice_ring/M1/INITIALISATION/r_rec_type/INV,proved,9,rodin
Slice_ring/M1/INITIALISATION/e_rec_type/INV,proved,4,rodin
Slice_ring/M1/INITIALISATION/m1_rec_type/INV,proved,8,rodin
Slice_ring/M1/INITIALISATION/m2_rec_type/INV,proved,13,rodin
Slice_ring/M1/INITIALISATION/w_rec_type/INV,proved,8,rodin
Slice_ring/M1/INITIALISATION/turn_rot/INV,proved,6,rodin
Slice_ring/M1/INITIALISATION/where_0/INV,proved,10,rodin
Slice_ring/M1/INITIALISATION/where_1/INV,proved,22,rodin
Slice_ring/M1/INITIALISATION/where_2/INV,proved,7,rodin
Slice_ring/M1/INITIALISATION/where_3/INV,proved,30,rodin
Slice_ring/M1/INITIALISATION/where_4/INV,proved,24,rodin
Slice_ring/M1/INITIALISATION/where_5/INV,proved,6,rodin
Slice_ring/M1/INITIALISATION/where_6/INV,proved,3,rodin
Slice_ring/M1/INITIALISATION/where_7/INV,proved,12,rodin
Slice_ring/M1/INITIALISATION/init_rot/FIS,proved,6,rodin
Slice_ring/M1/INITIALISATION/init_f_rec/FIS,proved,6,rodin
Slice_ring/M1/INITIALISATION/init_x_rec/FIS,proved,11,rodin
Slice_ring/M1/INITIALISATION/init_d_rec/FIS,proved,7,rodin
Slice_ring/M1/INITIALISATION/init_r_rec/FIS,proved,12,rodin
Slice_ring/M1/INITIALISATION/init_e_rec/FIS,proved,1,rodin
Slice_ring/M1/INITIALISATION/init_m1_rec/FIS,proved,13,rodin
Slice_ring/M1/INITIALISATION/init_m2_rec/FIS,proved,1,rodin
Slice_ring/M1/INITIALISATION/init_w_rec/FIS,proved,6,rodin
Slice_ring/M1/INITIALISATION/init_turn/SIM,proved,1,rodin
Slice_ring/M1/INITIALISATION/init_val/SIM,proved,1285,veriT/selected
Slice_ring/M1/reset/rot_type/INV,proved,41,z3new/quick
Slice_ring/M1/reset/f_rec_type/INV,proved,38,z3new/quick
Slice_ring/M1/reset/x_rec_type/INV,proved,33,z3new/quick
Slice_ring/M1/reset/d_rec_type/INV,proved,59,z3new/quick
Slice_ring/M1/reset/r_rec_type/INV,proved,46,z3new/quick
Slice_ring/M1/reset/e_rec_type/INV,proved,69,z3new/quick
Slice_ring/M1/reset/m1_rec_type/INV,proved,58,z3new/quick
Slice_ring/M1/reset/m2_rec_type/INV,proved,51,z3new/quick
Slice_ring/M1/reset/w_rec_type/INV,proved,51,z3new/quick
Slice_ring/M1/reset/turn_rot/INV,proved,6,rodin
Slice_ring/M1/reset/where_0/INV,proved,61,z3new/quick
Slice_ring/M1/reset/where_1/INV,proved,9,rodin
Slice_ring/M1/reset/where_2/INV,proved,8,rodin
Slice_ring/M1/reset/where_3/INV,proved,7,rodin
Slice_ring/M1/reset/where_4/INV,proved,12,rodin
Slice_ring/M1/reset/where_5/INV,proved,7,rodin
Slice_ring/M1/reset/where_6/INV,proved,7,rodin
Slice_ring/M1/reset/where_7/INV,proved,6,rodin
Slice_ring/M1/clock/t/WWD,proved,63,z3new/quick×2
Slice_ring/M1/clock/rot_type/INV,proved,48,z3new/quick
Slice_ring/M1/clock/f_rec_type/INV,proved,263,veriT/all
Slice_ring/M1/clock/x_rec_type/INV,proved,1,rodin
Slice_ring/M1/clock/d_rec_type/INV,proved,4,rodin
Slice_ring/M1/clock/r_rec_type/INV,proved,5,rodin
Slice_ring/M1/clock/e_rec_type/INV,proved,1,rodin
Slice_ring/M1/clock/m1_rec_type/INV,proved,5,rodin
Slice_ring/M1/clock/m2_rec_type/INV,proved,1,rodin
Slice_ring/M1/clock/w_rec_type/INV,proved,5,rodin
Slice_ring/M1/clock/turn_rot/INV,proved,8,rodin
Slice_ring/M1/clock/where_0/INV,proved,3303,split(rot)
Slice_ring/M1/clock/where_1/INV,proved,3848,split(rot)
Slice_ring/M1/clock/where_2/INV,proved,3495,split(rot)
Slice_ring/M1/clock/where_3/INV,proved,3529,split(rot)
Slice_ring/M1/clock/where_4/INV,proved,3588,split(rot)
Slice_ring/M1/clock/where_5/INV,proved,3477,split(rot)
Slice_ring/M1/clock/where_6/INV,proved,3460,split(rot)
Slice_ring/M1/clock/where_7/INV,proved,3453,split(rot)
Slice_ring/M1/clock/next/GRD,proved,421,veriT/all
Slice_ring/M1/clock/rot/WD,proved,45,z3new/quick×2
Slice_ring/M1/clock/f_rec/WD,proved,24,z3new/quick×2
Slice_ring/M2/INITIALISATION/d_rec_width/INV,proved,16,rodin
Slice_ring/M2/INITIALISATION/e_rec_width/INV,proved,9,rodin
Slice_ring/M2/INITIALISATION/f_rec_width/INV,proved,4,rodin
Slice_ring/M2/INITIALISATION/m1_rec_width/INV,proved,14,rodin
Slice_ring/M2/INITIALISATION/m2_rec_width/INV,proved,3,rodin
Slice_ring/M2/INITIALISATION/r_rec_width/INV,proved,1,rodin
Slice_ring/M2/INITIALISATION/rot_width/INV,proved,12,rodin
Slice_ring/M2/INITIALISATION/w_rec_width/INV,proved,0,rodin
Slice_ring/M2/INITIALISATION/x_rec_width/INV,proved,1,rodin
Slice_ring/M2/reset/d_rec_width/INV,proved,38,z3new/quick
Slice_ring/M2/reset/e_rec_width/INV,proved,56,z3new/quick
Slice_ring/M2/reset/f_rec_width/INV,proved,41,z3new/quick
Slice_ring/M2/reset/m1_rec_width/INV,proved,22,z3new/quick
Slice_ring/M2/reset/m2_rec_width/INV,proved,29,z3new/quick
Slice_ring/M2/reset/r_rec_width/INV,proved,43,z3new/quick
Slice_ring/M2/reset/rot_width/INV,proved,66,z3new/quick
Slice_ring/M2/reset/w_rec_width/INV,proved,54,z3new/quick
Slice_ring/M2/reset/x_rec_width/INV,proved,40,z3new/quick
Slice_ring/M2/reset/d_rec/WD,proved,39,z3new/quick
Slice_ring/M2/reset/e_rec/WD,proved,44,z3new/quick
Slice_ring/M2/reset/f_rec/WD,proved,86,z3new/quick×3
Slice_ring/M2/reset/m1_rec/WD,proved,37,z3new/quick
Slice_ring/M2/reset/m2_rec/WD,proved,41,z3new/quick
Slice_ring/M2/reset/r_rec/WD,proved,36,z3new/quick
Slice_ring/M2/reset/rot/WD,proved,110,z3new/quick×7
Slice_ring/M2/reset/w_rec/WD,proved,30,z3new/quick
Slice_ring/M2/reset/x_rec/WD,proved,38,z3new/quick
Slice_ring/M2/reset/reset_rot/SIM,proved,21,z3new/quick
Slice_ring/M2/reset/reset_f_rec/SIM,proved,7,rodin
Slice_ring/M2/reset/reset_x_rec/SIM,proved,2,rodin
Slice_ring/M2/reset/reset_d_rec/SIM,proved,7,rodin
Slice_ring/M2/reset/reset_r_rec/SIM,proved,3,rodin
Slice_ring/M2/reset/reset_e_rec/SIM,proved,3,rodin
Slice_ring/M2/reset/reset_m1_rec/SIM,proved,12,rodin
Slice_ring/M2/reset/reset_m2_rec/SIM,proved,12,rodin
Slice_ring/M2/reset/reset_w_rec/SIM,proved,4,rodin
Slice_ring/M2/clock/d_rec_width/INV,proved,2,rodin
Slice_ring/M2/clock/e_rec_width/INV,proved,12,rodin
Slice_ring/M2/clock/f_rec_width/INV,proved,191,z3a2/all
Slice_ring/M2/clock/m1_rec_width/INV,proved,2,rodin
Slice_ring/M2/clock/m2_rec_width/INV,proved,2,rodin
Slice_ring/M2/clock/r_rec_width/INV,proved,6,rodin
Slice_ring/M2/clock/rot_width/INV,proved,41,z3new/quick
Slice_ring/M2/clock/w_rec_width/INV,proved,2,rodin
Slice_ring/M2/clock/x_rec_width/INV,proved,3,rodin
Slice_ring/M2/clock/d_rec/WD,proved,36,z3new/quick
Slice_ring/M2/clock/e_rec/WD,proved,36,z3new/quick
Slice_ring/M2/clock/f_rec/WD,proved,65,z3new/quick×3
Slice_ring/M2/clock/m1_rec/WD,proved,34,z3new/quick
Slice_ring/M2/clock/m2_rec/WD,proved,38,z3new/quick
Slice_ring/M2/clock/r_rec/WD,proved,41,z3new/quick
Slice_ring/M2/clock/rot/WD,proved,135,z3new/quick×7
Slice_ring/M2/clock/w_rec/WD,proved,30,z3new/quick
Slice_ring/M2/clock/x_rec/WD,proved,35,z3new/quick
Slice_ring/M2/clock/rot/SIM,proved,188,z3new/all
Slice_ring/M2/clock/f_rec/SIM,proved,2,rodin
Slice_ring/M2/clock/x_rec/SIM,proved,1,rodin
Slice_ring/M2/clock/d_rec/SIM,proved,2,rodin
Slice_ring/M2/clock/r_rec/SIM,proved,1,rodin
Slice_ring/M2/clock/e_rec/SIM,proved,2,rodin
Slice_ring/M2/clock/m1_rec/SIM,proved,2,rodin
Slice_ring/M2/clock/m2_rec/SIM,proved,2,rodin
Slice_ring/M2/clock/w_rec/SIM,proved,1,rodin
Slice_wrap6/M0/INITIALISATION/turn_type/INV,proved,2,rodin
Slice_wrap6/M0/INITIALISATION/val_type/INV,proved,3,rodin
Slice_wrap6/M0/INITIALISATION/init_turn/FIS,proved,4,rodin
Slice_wrap6/M0/INITIALISATION/init_val/FIS,proved,4,rodin
Slice_wrap6/M0/reset/turn_type/INV,proved,39,z3new/quick
Slice_wrap6/M0/reset/val_type/INV,proved,30,z3new/quick
Slice_wrap6/M0/step/next/WD,proved,34,z3new/quick×2
Slice_wrap6/M0/step/thread/THM,proved,236,z3new/all
Slice_wrap6/M0/step/turn_type/INV,proved,1,rodin
Slice_wrap6/M0/step/val_type/INV,proved,531,z3new/quick
Slice_wrap6/M0/step/own/WD,proved,881,z3new/quick split(turn)
Slice_wrap6/M1/INITIALISATION/val'/WFIS,proved,1219,split(rot')
Slice_wrap6/M1/INITIALISATION/rot_type/INV,proved,12,rodin
Slice_wrap6/M1/INITIALISATION/f_rec_type/INV,proved,9,rodin
Slice_wrap6/M1/INITIALISATION/x_rec_type/INV,proved,10,rodin
Slice_wrap6/M1/INITIALISATION/d_rec_type/INV,proved,0,rodin
Slice_wrap6/M1/INITIALISATION/r_rec_type/INV,proved,0,rodin
Slice_wrap6/M1/INITIALISATION/e_rec_type/INV,proved,2,rodin
Slice_wrap6/M1/INITIALISATION/m1_rec_type/INV,proved,6,rodin
Slice_wrap6/M1/INITIALISATION/m2_rec_type/INV,proved,14,rodin
Slice_wrap6/M1/INITIALISATION/w_rec_type/INV,proved,5,rodin
Slice_wrap6/M1/INITIALISATION/turn_rot/INV,proved,4,rodin
Slice_wrap6/M1/INITIALISATION/where_0/INV,proved,15,rodin
Slice_wrap6/M1/INITIALISATION/where_1/INV,proved,11,rodin
Slice_wrap6/M1/INITIALISATION/where_2/INV,proved,2,rodin
Slice_wrap6/M1/INITIALISATION/where_3/INV,proved,12,rodin
Slice_wrap6/M1/INITIALISATION/where_4/INV,proved,5,rodin
Slice_wrap6/M1/INITIALISATION/where_5/INV,proved,14,rodin
Slice_wrap6/M1/INITIALISATION/where_6/INV,proved,13,rodin
Slice_wrap6/M1/INITIALISATION/where_7/INV,proved,5,rodin
Slice_wrap6/M1/INITIALISATION/init_rot/FIS,proved,6,rodin
Slice_wrap6/M1/INITIALISATION/init_f_rec/FIS,proved,5,rodin
Slice_wrap6/M1/INITIALISATION/init_x_rec/FIS,proved,9,rodin
Slice_wrap6/M1/INITIALISATION/init_d_rec/FIS,proved,5,rodin
Slice_wrap6/M1/INITIALISATION/init_r_rec/FIS,proved,9,rodin
Slice_wrap6/M1/INITIALISATION/init_e_rec/FIS,proved,3,rodin
Slice_wrap6/M1/INITIALISATION/init_m1_rec/FIS,proved,7,rodin
Slice_wrap6/M1/INITIALISATION/init_m2_rec/FIS,proved,2,rodin
Slice_wrap6/M1/INITIALISATION/init_w_rec/FIS,proved,9,rodin
Slice_wrap6/M1/INITIALISATION/init_turn/SIM,proved,0,rodin
Slice_wrap6/M1/INITIALISATION/init_val/SIM,proved,1443,veriT/selected
Slice_wrap6/M1/reset/rot_type/INV,proved,36,z3new/quick
Slice_wrap6/M1/reset/f_rec_type/INV,proved,41,z3new/quick
Slice_wrap6/M1/reset/x_rec_type/INV,proved,25,z3new/quick
Slice_wrap6/M1/reset/d_rec_type/INV,proved,47,z3new/quick
Slice_wrap6/M1/reset/r_rec_type/INV,proved,46,z3new/quick
Slice_wrap6/M1/reset/e_rec_type/INV,proved,31,z3new/quick
Slice_wrap6/M1/reset/m1_rec_type/INV,proved,37,z3new/quick
Slice_wrap6/M1/reset/m2_rec_type/INV,proved,34,z3new/quick
Slice_wrap6/M1/reset/w_rec_type/INV,proved,36,z3new/quick
Slice_wrap6/M1/reset/turn_rot/INV,proved,3,rodin
Slice_wrap6/M1/reset/where_0/INV,proved,37,z3new/quick
Slice_wrap6/M1/reset/where_1/INV,proved,3,rodin
Slice_wrap6/M1/reset/where_2/INV,proved,4,rodin
Slice_wrap6/M1/reset/where_3/INV,proved,2,rodin
Slice_wrap6/M1/reset/where_4/INV,proved,4,rodin
Slice_wrap6/M1/reset/where_5/INV,proved,9,rodin
Slice_wrap6/M1/reset/where_6/INV,proved,2,rodin
Slice_wrap6/M1/reset/where_7/INV,proved,2,rodin
Slice_wrap6/M1/clock/t/WWD,proved,37,z3new/quick×2
Slice_wrap6/M1/clock/rot_type/INV,proved,31,z3new/quick
Slice_wrap6/M1/clock/f_rec_type/INV,proved,220,veriT/all
Slice_wrap6/M1/clock/x_rec_type/INV,proved,1,rodin
Slice_wrap6/M1/clock/d_rec_type/INV,proved,2,rodin
Slice_wrap6/M1/clock/r_rec_type/INV,proved,1,rodin
Slice_wrap6/M1/clock/e_rec_type/INV,proved,5,rodin
Slice_wrap6/M1/clock/m1_rec_type/INV,proved,1,rodin
Slice_wrap6/M1/clock/m2_rec_type/INV,proved,1,rodin
Slice_wrap6/M1/clock/w_rec_type/INV,proved,1,rodin
Slice_wrap6/M1/clock/turn_rot/INV,proved,3,rodin
Slice_wrap6/M1/clock/where_0/INV,proved,2874,split(rot)
Slice_wrap6/M1/clock/where_1/INV,proved,3629,split(rot)
Slice_wrap6/M1/clock/where_2/INV,proved,3546,split(rot)
Slice_wrap6/M1/clock/where_3/INV,proved,3536,split(rot)
Slice_wrap6/M1/clock/where_4/INV,proved,3525,split(rot)
Slice_wrap6/M1/clock/where_5/INV,proved,3528,split(rot)
Slice_wrap6/M1/clock/where_6/INV,proved,3439,split(rot)
Slice_wrap6/M1/clock/where_7/INV,proved,3499,split(rot)
Slice_wrap6/M1/clock/next/GRD,proved,346,z3new/all
Slice_wrap6/M1/clock/rot/WD,proved,50,z3new/quick×2
Slice_wrap6/M1/clock/f_rec/WD,proved,50,z3new/quick×2
Slice_wrap6/M2/INITIALISATION/d_rec_width/INV,proved,11,rodin
Slice_wrap6/M2/INITIALISATION/e_rec_width/INV,proved,14,rodin
Slice_wrap6/M2/INITIALISATION/f_rec_width/INV,proved,19,rodin
Slice_wrap6/M2/INITIALISATION/m1_rec_width/INV,proved,11,rodin
Slice_wrap6/M2/INITIALISATION/m2_rec_width/INV,proved,11,rodin
Slice_wrap6/M2/INITIALISATION/r_rec_width/INV,proved,0,rodin
Slice_wrap6/M2/INITIALISATION/rot_width/INV,proved,7,rodin
Slice_wrap6/M2/INITIALISATION/w_rec_width/INV,proved,0,rodin
Slice_wrap6/M2/INITIALISATION/x_rec_width/INV,proved,0,rodin
Slice_wrap6/M2/reset/d_rec_width/INV,proved,24,z3new/quick
Slice_wrap6/M2/reset/e_rec_width/INV,proved,30,z3new/quick
Slice_wrap6/M2/reset/f_rec_width/INV,proved,26,z3new/quick
Slice_wrap6/M2/reset/m1_rec_width/INV,proved,34,z3new/quick
Slice_wrap6/M2/reset/m2_rec_width/INV,proved,22,z3new/quick
Slice_wrap6/M2/reset/r_rec_width/INV,proved,24,z3new/quick
Slice_wrap6/M2/reset/rot_width/INV,proved,28,z3new/quick
Slice_wrap6/M2/reset/w_rec_width/INV,proved,30,z3new/quick
Slice_wrap6/M2/reset/x_rec_width/INV,proved,20,z3new/quick
Slice_wrap6/M2/reset/d_rec/WD,proved,29,z3new/quick
Slice_wrap6/M2/reset/e_rec/WD,proved,31,z3new/quick
Slice_wrap6/M2/reset/f_rec/WD,proved,69,z3new/quick×3
Slice_wrap6/M2/reset/m1_rec/WD,proved,39,z3new/quick
Slice_wrap6/M2/reset/m2_rec/WD,proved,38,z3new/quick
Slice_wrap6/M2/reset/r_rec/WD,proved,38,z3new/quick
Slice_wrap6/M2/reset/rot/WD,proved,117,z3new/quick×7
Slice_wrap6/M2/reset/w_rec/WD,proved,35,z3new/quick
Slice_wrap6/M2/reset/x_rec/WD,proved,36,z3new/quick
Slice_wrap6/M2/reset/reset_rot/SIM,proved,32,z3new/quick
Slice_wrap6/M2/reset/reset_f_rec/SIM,proved,3,rodin
Slice_wrap6/M2/reset/reset_x_rec/SIM,proved,6,rodin
Slice_wrap6/M2/reset/reset_d_rec/SIM,proved,5,rodin
Slice_wrap6/M2/reset/reset_r_rec/SIM,proved,6,rodin
Slice_wrap6/M2/reset/reset_e_rec/SIM,proved,10,rodin
Slice_wrap6/M2/reset/reset_m1_rec/SIM,proved,5,rodin
Slice_wrap6/M2/reset/reset_m2_rec/SIM,proved,3,rodin
Slice_wrap6/M2/reset/reset_w_rec/SIM,proved,11,rodin
Slice_wrap6/M2/clock/d_rec_width/INV,proved,20,rodin
Slice_wrap6/M2/clock/e_rec_width/INV,proved,14,rodin
Slice_wrap6/M2/clock/f_rec_width/INV,proved,197,veriT/all
Slice_wrap6/M2/clock/m1_rec_width/INV,proved,5,rodin
Slice_wrap6/M2/clock/m2_rec_width/INV,proved,7,rodin
Slice_wrap6/M2/clock/r_rec_width/INV,proved,2,rodin
Slice_wrap6/M2/clock/rot_width/INV,proved,59,z3new/quick
Slice_wrap6/M2/clock/w_rec_width/INV,proved,3,rodin
Slice_wrap6/M2/clock/x_rec_width/INV,proved,2,rodin
Slice_wrap6/M2/clock/d_rec/WD,proved,52,z3new/quick
Slice_wrap6/M2/clock/e_rec/WD,proved,64,z3new/quick
Slice_wrap6/M2/clock/f_rec/WD,proved,87,z3new/quick×3
Slice_wrap6/M2/clock/m1_rec/WD,proved,28,z3new/quick
Slice_wrap6/M2/clock/m2_rec/WD,proved,45,z3new/quick
Slice_wrap6/M2/clock/r_rec/WD,proved,41,z3new/quick
Slice_wrap6/M2/clock/rot/WD,proved,139,z3new/quick×7
Slice_wrap6/M2/clock/w_rec/WD,proved,42,z3new/quick
Slice_wrap6/M2/clock/x_rec/WD,proved,42,z3new/quick
Slice_wrap6/M2/clock/rot/SIM,open,6131,
Slice_wrap6/M2/clock/f_rec/SIM,proved,3,rodin
Slice_wrap6/M2/clock/x_rec/SIM,proved,5,rodin
Slice_wrap6/M2/clock/d_rec/SIM,proved,8,rodin
Slice_wrap6/M2/clock/r_rec/SIM,proved,6,rodin
Slice_wrap6/M2/clock/e_rec/SIM,proved,6,rodin
Slice_wrap6/M2/clock/m1_rec/SIM,proved,5,rodin
Slice_wrap6/M2/clock/m2_rec/SIM,proved,6,rodin
Slice_wrap6/M2/clock/w_rec/SIM,proved,5,rodin
Slice_wrongrec/M0/INITIALISATION/turn_type/INV,proved,2,rodin
Slice_wrongrec/M0/INITIALISATION/val_type/INV,proved,8,rodin
Slice_wrongrec/M0/INITIALISATION/init_turn/FIS,proved,5,rodin
Slice_wrongrec/M0/INITIALISATION/init_val/FIS,proved,4,rodin
Slice_wrongrec/M0/reset/turn_type/INV,proved,31,z3new/quick
Slice_wrongrec/M0/reset/val_type/INV,proved,24,z3new/quick
Slice_wrongrec/M0/step/next/WD,proved,28,z3new/quick×2
Slice_wrongrec/M0/step/thread/THM,proved,185,veriT/all
Slice_wrongrec/M0/step/turn_type/INV,proved,0,rodin
Slice_wrongrec/M0/step/val_type/INV,proved,519,z3new/quick
Slice_wrongrec/M0/step/own/WD,proved,849,z3new/quick split(turn)
Slice_wrongrec/M1/INITIALISATION/val'/WFIS,proved,1272,split(rot')
Slice_wrongrec/M1/INITIALISATION/rot_type/INV,proved,13,rodin
Slice_wrongrec/M1/INITIALISATION/f_rec_type/INV,proved,11,rodin
Slice_wrongrec/M1/INITIALISATION/x_rec_type/INV,proved,17,rodin
Slice_wrongrec/M1/INITIALISATION/d_rec_type/INV,proved,3,rodin
Slice_wrongrec/M1/INITIALISATION/r_rec_type/INV,proved,0,rodin
Slice_wrongrec/M1/INITIALISATION/e_rec_type/INV,proved,6,rodin
Slice_wrongrec/M1/INITIALISATION/m1_rec_type/INV,proved,1,rodin
Slice_wrongrec/M1/INITIALISATION/m2_rec_type/INV,proved,2,rodin
Slice_wrongrec/M1/INITIALISATION/w_rec_type/INV,proved,0,rodin
Slice_wrongrec/M1/INITIALISATION/turn_rot/INV,proved,8,rodin
Slice_wrongrec/M1/INITIALISATION/where_0/INV,proved,4,rodin
Slice_wrongrec/M1/INITIALISATION/where_1/INV,proved,9,rodin
Slice_wrongrec/M1/INITIALISATION/where_2/INV,proved,6,rodin
Slice_wrongrec/M1/INITIALISATION/where_3/INV,proved,11,rodin
Slice_wrongrec/M1/INITIALISATION/where_4/INV,proved,4,rodin
Slice_wrongrec/M1/INITIALISATION/where_5/INV,proved,15,rodin
Slice_wrongrec/M1/INITIALISATION/where_6/INV,proved,3,rodin
Slice_wrongrec/M1/INITIALISATION/where_7/INV,proved,4,rodin
Slice_wrongrec/M1/INITIALISATION/init_rot/FIS,proved,5,rodin
Slice_wrongrec/M1/INITIALISATION/init_f_rec/FIS,proved,4,rodin
Slice_wrongrec/M1/INITIALISATION/init_x_rec/FIS,proved,3,rodin
Slice_wrongrec/M1/INITIALISATION/init_d_rec/FIS,proved,5,rodin
Slice_wrongrec/M1/INITIALISATION/init_r_rec/FIS,proved,2,rodin
Slice_wrongrec/M1/INITIALISATION/init_e_rec/FIS,proved,5,rodin
Slice_wrongrec/M1/INITIALISATION/init_m1_rec/FIS,proved,2,rodin
Slice_wrongrec/M1/INITIALISATION/init_m2_rec/FIS,proved,6,rodin
Slice_wrongrec/M1/INITIALISATION/init_w_rec/FIS,proved,1,rodin
Slice_wrongrec/M1/INITIALISATION/init_turn/SIM,proved,4,rodin
Slice_wrongrec/M1/INITIALISATION/init_val/SIM,proved,1216,veriT/selected
Slice_wrongrec/M1/reset/rot_type/INV,proved,19,z3new/quick
Slice_wrongrec/M1/reset/f_rec_type/INV,proved,20,z3new/quick
Slice_wrongrec/M1/reset/x_rec_type/INV,proved,32,z3new/quick
Slice_wrongrec/M1/reset/d_rec_type/INV,proved,32,z3new/quick
Slice_wrongrec/M1/reset/r_rec_type/INV,proved,39,z3new/quick
Slice_wrongrec/M1/reset/e_rec_type/INV,proved,27,z3new/quick
Slice_wrongrec/M1/reset/m1_rec_type/INV,proved,26,z3new/quick
Slice_wrongrec/M1/reset/m2_rec_type/INV,proved,44,z3new/quick
Slice_wrongrec/M1/reset/w_rec_type/INV,proved,20,z3new/quick
Slice_wrongrec/M1/reset/turn_rot/INV,proved,1,rodin
Slice_wrongrec/M1/reset/where_0/INV,proved,21,z3new/quick
Slice_wrongrec/M1/reset/where_1/INV,proved,2,rodin
Slice_wrongrec/M1/reset/where_2/INV,proved,6,rodin
Slice_wrongrec/M1/reset/where_3/INV,proved,2,rodin
Slice_wrongrec/M1/reset/where_4/INV,proved,7,rodin
Slice_wrongrec/M1/reset/where_5/INV,proved,6,rodin
Slice_wrongrec/M1/reset/where_6/INV,proved,1,rodin
Slice_wrongrec/M1/reset/where_7/INV,proved,1,rodin
Slice_wrongrec/M1/clock/t/WWD,proved,39,z3new/quick×2
Slice_wrongrec/M1/clock/rot_type/INV,proved,36,z3new/quick
Slice_wrongrec/M1/clock/f_rec_type/INV,proved,154,veriT/all
Slice_wrongrec/M1/clock/x_rec_type/INV,proved,1,rodin
Slice_wrongrec/M1/clock/d_rec_type/INV,proved,2,rodin
Slice_wrongrec/M1/clock/r_rec_type/INV,proved,2,rodin
Slice_wrongrec/M1/clock/e_rec_type/INV,proved,1,rodin
Slice_wrongrec/M1/clock/m1_rec_type/INV,proved,1,rodin
Slice_wrongrec/M1/clock/m2_rec_type/INV,proved,1,rodin
Slice_wrongrec/M1/clock/w_rec_type/INV,proved,1,rodin
Slice_wrongrec/M1/clock/turn_rot/INV,proved,1,rodin
Slice_wrongrec/M1/clock/where_0/INV,proved,3151,split(rot)
Slice_wrongrec/M1/clock/where_1/INV,proved,3228,split(rot)
Slice_wrongrec/M1/clock/where_2/INV,proved,3465,split(rot)
Slice_wrongrec/M1/clock/where_3/INV,proved,3515,split(rot)
Slice_wrongrec/M1/clock/where_4/INV,proved,3561,split(rot)
Slice_wrongrec/M1/clock/where_5/INV,proved,3570,split(rot)
Slice_wrongrec/M1/clock/where_6/INV,proved,3553,split(rot)
Slice_wrongrec/M1/clock/where_7/INV,proved,3452,split(rot)
Slice_wrongrec/M1/clock/next/GRD,proved,334,veriT/all
Slice_wrongrec/M1/clock/rot/WD,proved,57,z3new/quick×2
Slice_wrongrec/M1/clock/f_rec/WD,proved,62,z3new/quick×2
Slice_wrongrec/M2/INITIALISATION/d_rec_width/INV,proved,4,rodin
Slice_wrongrec/M2/INITIALISATION/e_rec_width/INV,proved,12,rodin
Slice_wrongrec/M2/INITIALISATION/f_rec_width/INV,proved,6,rodin
Slice_wrongrec/M2/INITIALISATION/m1_rec_width/INV,proved,4,rodin
Slice_wrongrec/M2/INITIALISATION/m2_rec_width/INV,proved,6,rodin
Slice_wrongrec/M2/INITIALISATION/r_rec_width/INV,proved,3,rodin
Slice_wrongrec/M2/INITIALISATION/rot_width/INV,proved,1,rodin
Slice_wrongrec/M2/INITIALISATION/w_rec_width/INV,proved,5,rodin
Slice_wrongrec/M2/INITIALISATION/x_rec_width/INV,proved,6,rodin
Slice_wrongrec/M2/reset/d_rec_width/INV,proved,32,z3new/quick
Slice_wrongrec/M2/reset/e_rec_width/INV,proved,21,z3new/quick
Slice_wrongrec/M2/reset/f_rec_width/INV,proved,27,z3new/quick
Slice_wrongrec/M2/reset/m1_rec_width/INV,proved,32,z3new/quick
Slice_wrongrec/M2/reset/m2_rec_width/INV,proved,30,z3new/quick
Slice_wrongrec/M2/reset/r_rec_width/INV,proved,33,z3new/quick
Slice_wrongrec/M2/reset/rot_width/INV,proved,30,z3new/quick
Slice_wrongrec/M2/reset/w_rec_width/INV,proved,32,z3new/quick
Slice_wrongrec/M2/reset/x_rec_width/INV,proved,29,z3new/quick
Slice_wrongrec/M2/reset/d_rec/WD,proved,33,z3new/quick
Slice_wrongrec/M2/reset/e_rec/WD,proved,25,z3new/quick
Slice_wrongrec/M2/reset/f_rec/WD,proved,53,z3new/quick×3
Slice_wrongrec/M2/reset/m1_rec/WD,proved,31,z3new/quick
Slice_wrongrec/M2/reset/m2_rec/WD,proved,32,z3new/quick
Slice_wrongrec/M2/reset/r_rec/WD,proved,38,z3new/quick
Slice_wrongrec/M2/reset/rot/WD,proved,109,z3new/quick×7
Slice_wrongrec/M2/reset/w_rec/WD,proved,31,z3new/quick
Slice_wrongrec/M2/reset/x_rec/WD,proved,25,z3new/quick
Slice_wrongrec/M2/reset/reset_rot/SIM,proved,27,z3new/quick
Slice_wrongrec/M2/reset/reset_f_rec/SIM,proved,6,rodin
Slice_wrongrec/M2/reset/reset_x_rec/SIM,proved,2,rodin
Slice_wrongrec/M2/reset/reset_d_rec/SIM,proved,4,rodin
Slice_wrongrec/M2/reset/reset_r_rec/SIM,proved,6,rodin
Slice_wrongrec/M2/reset/reset_e_rec/SIM,proved,3,rodin
Slice_wrongrec/M2/reset/reset_m1_rec/SIM,proved,8,rodin
Slice_wrongrec/M2/reset/reset_m2_rec/SIM,proved,8,rodin
Slice_wrongrec/M2/reset/reset_w_rec/SIM,proved,5,rodin
Slice_wrongrec/M2/clock/d_rec_width/INV,proved,11,rodin
Slice_wrongrec/M2/clock/e_rec_width/INV,proved,7,rodin
Slice_wrongrec/M2/clock/f_rec_width/INV,proved,193,veriT/all
Slice_wrongrec/M2/clock/m1_rec_width/INV,proved,9,rodin
Slice_wrongrec/M2/clock/m2_rec_width/INV,proved,3,rodin
Slice_wrongrec/M2/clock/r_rec_width/INV,proved,6,rodin
Slice_wrongrec/M2/clock/rot_width/INV,proved,44,z3new/quick
Slice_wrongrec/M2/clock/w_rec_width/INV,proved,3,rodin
Slice_wrongrec/M2/clock/x_rec_width/INV,proved,4,rodin
Slice_wrongrec/M2/clock/d_rec/WD,proved,37,z3new/quick
Slice_wrongrec/M2/clock/e_rec/WD,proved,38,z3new/quick
Slice_wrongrec/M2/clock/f_rec/WD,proved,88,z3new/quick×3
Slice_wrongrec/M2/clock/m1_rec/WD,proved,48,z3new/quick
Slice_wrongrec/M2/clock/m2_rec/WD,proved,37,z3new/quick
Slice_wrongrec/M2/clock/r_rec/WD,proved,38,z3new/quick
Slice_wrongrec/M2/clock/rot/WD,proved,144,z3new/quick×7
Slice_wrongrec/M2/clock/w_rec/WD,proved,48,z3new/quick
Slice_wrongrec/M2/clock/x_rec/WD,proved,45,z3new/quick
Slice_wrongrec/M2/clock/rot/SIM,proved,269,veriT/all
Slice_wrongrec/M2/clock/f_rec/SIM,open,6030,
Slice_wrongrec/M2/clock/x_rec/SIM,proved,4,rodin
Slice_wrongrec/M2/clock/d_rec/SIM,proved,2,rodin
Slice_wrongrec/M2/clock/r_rec/SIM,proved,6,rodin
Slice_wrongrec/M2/clock/e_rec/SIM,proved,2,rodin
Slice_wrongrec/M2/clock/m1_rec/SIM,proved,6,rodin
Slice_wrongrec/M2/clock/m2_rec/SIM,proved,1,rodin
Slice_wrongrec/M2/clock/w_rec/SIM,proved,2,rodin
Slice_reset/M0/INITIALISATION/turn_type/INV,proved,3,rodin
Slice_reset/M0/INITIALISATION/val_type/INV,proved,7,rodin
Slice_reset/M0/INITIALISATION/init_turn/FIS,proved,13,rodin
Slice_reset/M0/INITIALISATION/init_val/FIS,proved,4,rodin
Slice_reset/M0/reset/turn_type/INV,proved,30,z3new/quick
Slice_reset/M0/reset/val_type/INV,proved,32,z3new/quick
Slice_reset/M0/step/next/WD,proved,22,z3new/quick×2
Slice_reset/M0/step/thread/THM,proved,222,veriT/all
Slice_reset/M0/step/turn_type/INV,proved,1,rodin
Slice_reset/M0/step/val_type/INV,proved,482,z3new/quick
Slice_reset/M0/step/own/WD,proved,834,z3new/quick split(turn)
Slice_reset/M1/INITIALISATION/val'/WFIS,proved,1244,split(rot')
Slice_reset/M1/INITIALISATION/rot_type/INV,proved,13,rodin
Slice_reset/M1/INITIALISATION/f_rec_type/INV,proved,11,rodin
Slice_reset/M1/INITIALISATION/x_rec_type/INV,proved,14,rodin
Slice_reset/M1/INITIALISATION/d_rec_type/INV,proved,2,rodin
Slice_reset/M1/INITIALISATION/r_rec_type/INV,proved,3,rodin
Slice_reset/M1/INITIALISATION/e_rec_type/INV,proved,1,rodin
Slice_reset/M1/INITIALISATION/m1_rec_type/INV,proved,4,rodin
Slice_reset/M1/INITIALISATION/m2_rec_type/INV,proved,2,rodin
Slice_reset/M1/INITIALISATION/w_rec_type/INV,proved,3,rodin
Slice_reset/M1/INITIALISATION/turn_rot/INV,proved,3,rodin
Slice_reset/M1/INITIALISATION/where_0/INV,proved,7,rodin
Slice_reset/M1/INITIALISATION/where_1/INV,proved,4,rodin
Slice_reset/M1/INITIALISATION/where_2/INV,proved,3,rodin
Slice_reset/M1/INITIALISATION/where_3/INV,proved,13,rodin
Slice_reset/M1/INITIALISATION/where_4/INV,proved,10,rodin
Slice_reset/M1/INITIALISATION/where_5/INV,proved,10,rodin
Slice_reset/M1/INITIALISATION/where_6/INV,proved,3,rodin
Slice_reset/M1/INITIALISATION/where_7/INV,proved,8,rodin
Slice_reset/M1/INITIALISATION/init_rot/FIS,proved,7,rodin
Slice_reset/M1/INITIALISATION/init_f_rec/FIS,proved,2,rodin
Slice_reset/M1/INITIALISATION/init_x_rec/FIS,proved,0,rodin
Slice_reset/M1/INITIALISATION/init_d_rec/FIS,proved,0,rodin
Slice_reset/M1/INITIALISATION/init_r_rec/FIS,proved,1,rodin
Slice_reset/M1/INITIALISATION/init_e_rec/FIS,proved,5,rodin
Slice_reset/M1/INITIALISATION/init_m1_rec/FIS,proved,1,rodin
Slice_reset/M1/INITIALISATION/init_m2_rec/FIS,proved,5,rodin
Slice_reset/M1/INITIALISATION/init_w_rec/FIS,proved,1,rodin
Slice_reset/M1/INITIALISATION/init_turn/SIM,proved,0,rodin
Slice_reset/M1/INITIALISATION/init_val/SIM,proved,992,veriT/selected
Slice_reset/M1/reset/rot_type/INV,proved,20,z3new/quick
Slice_reset/M1/reset/f_rec_type/INV,proved,26,z3new/quick
Slice_reset/M1/reset/x_rec_type/INV,proved,18,z3new/quick
Slice_reset/M1/reset/d_rec_type/INV,proved,35,z3new/quick
Slice_reset/M1/reset/r_rec_type/INV,proved,52,z3new/quick
Slice_reset/M1/reset/e_rec_type/INV,proved,39,z3new/quick
Slice_reset/M1/reset/m1_rec_type/INV,proved,34,z3new/quick
Slice_reset/M1/reset/m2_rec_type/INV,proved,25,z3new/quick
Slice_reset/M1/reset/w_rec_type/INV,proved,22,z3new/quick
Slice_reset/M1/reset/turn_rot/INV,proved,1,rodin
Slice_reset/M1/reset/where_0/INV,proved,23,z3new/quick
Slice_reset/M1/reset/where_1/INV,proved,1,rodin
Slice_reset/M1/reset/where_2/INV,proved,1,rodin
Slice_reset/M1/reset/where_3/INV,proved,2,rodin
Slice_reset/M1/reset/where_4/INV,proved,3,rodin
Slice_reset/M1/reset/where_5/INV,proved,6,rodin
Slice_reset/M1/reset/where_6/INV,proved,6,rodin
Slice_reset/M1/reset/where_7/INV,proved,5,rodin
Slice_reset/M1/clock/t/WWD,proved,31,z3new/quick×2
Slice_reset/M1/clock/rot_type/INV,proved,22,z3new/quick
Slice_reset/M1/clock/f_rec_type/INV,proved,198,veriT/all
Slice_reset/M1/clock/x_rec_type/INV,proved,1,rodin
Slice_reset/M1/clock/d_rec_type/INV,proved,3,rodin
Slice_reset/M1/clock/r_rec_type/INV,proved,2,rodin
Slice_reset/M1/clock/e_rec_type/INV,proved,1,rodin
Slice_reset/M1/clock/m1_rec_type/INV,proved,1,rodin
Slice_reset/M1/clock/m2_rec_type/INV,proved,1,rodin
Slice_reset/M1/clock/w_rec_type/INV,proved,1,rodin
Slice_reset/M1/clock/turn_rot/INV,proved,2,rodin
Slice_reset/M1/clock/where_0/INV,proved,2870,split(rot)
Slice_reset/M1/clock/where_1/INV,proved,3538,split(rot)
Slice_reset/M1/clock/where_2/INV,proved,3217,split(rot)
Slice_reset/M1/clock/where_3/INV,proved,3472,split(rot)
Slice_reset/M1/clock/where_4/INV,proved,3511,split(rot)
Slice_reset/M1/clock/where_5/INV,proved,3527,split(rot)
Slice_reset/M1/clock/where_6/INV,proved,3335,split(rot)
Slice_reset/M1/clock/where_7/INV,proved,3488,split(rot)
Slice_reset/M1/clock/next/GRD,proved,388,veriT/all
Slice_reset/M1/clock/rot/WD,proved,56,z3new/quick×2
Slice_reset/M1/clock/f_rec/WD,proved,47,z3new/quick×2
Slice_reset/M2/INITIALISATION/d_rec_width/INV,proved,49,rodin
Slice_reset/M2/INITIALISATION/e_rec_width/INV,proved,53,rodin
Slice_reset/M2/INITIALISATION/f_rec_width/INV,proved,52,rodin
Slice_reset/M2/INITIALISATION/m1_rec_width/INV,proved,54,rodin
Slice_reset/M2/INITIALISATION/m2_rec_width/INV,proved,6,rodin
Slice_reset/M2/INITIALISATION/r_rec_width/INV,proved,1,rodin
Slice_reset/M2/INITIALISATION/rot_width/INV,proved,4,rodin
Slice_reset/M2/INITIALISATION/w_rec_width/INV,proved,3,rodin
Slice_reset/M2/INITIALISATION/x_rec_width/INV,proved,1,rodin
Slice_reset/M2/reset/d_rec_width/INV,proved,49,z3new/quick
Slice_reset/M2/reset/e_rec_width/INV,proved,48,z3new/quick
Slice_reset/M2/reset/f_rec_width/INV,proved,49,z3new/quick
Slice_reset/M2/reset/m1_rec_width/INV,proved,45,z3new/quick
Slice_reset/M2/reset/m2_rec_width/INV,proved,34,z3new/quick
Slice_reset/M2/reset/r_rec_width/INV,proved,41,z3new/quick
Slice_reset/M2/reset/rot_width/INV,proved,52,z3new/quick
Slice_reset/M2/reset/w_rec_width/INV,proved,34,z3new/quick
Slice_reset/M2/reset/x_rec_width/INV,proved,43,z3new/quick
Slice_reset/M2/reset/d_rec/WD,proved,28,z3new/quick
Slice_reset/M2/reset/e_rec/WD,proved,37,z3new/quick
Slice_reset/M2/reset/f_rec/WD,proved,67,z3new/quick×3
Slice_reset/M2/reset/m1_rec/WD,proved,37,z3new/quick
Slice_reset/M2/reset/m2_rec/WD,proved,48,z3new/quick
Slice_reset/M2/reset/r_rec/WD,proved,35,z3new/quick
Slice_reset/M2/reset/rot/WD,proved,154,z3new/quick×7
Slice_reset/M2/reset/w_rec/WD,proved,33,z3new/quick
Slice_reset/M2/reset/x_rec/WD,proved,32,z3new/quick
Slice_reset/M2/reset/reset_rot/SIM,proved,41,z3new/quick
Slice_reset/M2/reset/reset_f_rec/SIM,open,6145,
Slice_reset/M2/reset/reset_x_rec/SIM,proved,2,rodin
Slice_reset/M2/reset/reset_d_rec/SIM,proved,7,rodin
Slice_reset/M2/reset/reset_r_rec/SIM,proved,5,rodin
Slice_reset/M2/reset/reset_e_rec/SIM,proved,3,rodin
Slice_reset/M2/reset/reset_m1_rec/SIM,proved,4,rodin
Slice_reset/M2/reset/reset_m2_rec/SIM,proved,9,rodin
Slice_reset/M2/reset/reset_w_rec/SIM,proved,6,rodin
Slice_reset/M2/clock/d_rec_width/INV,proved,5,rodin
Slice_reset/M2/clock/e_rec_width/INV,proved,3,rodin
Slice_reset/M2/clock/f_rec_width/INV,proved,320,veriT/all
Slice_reset/M2/clock/m1_rec_width/INV,proved,2,rodin
Slice_reset/M2/clock/m2_rec_width/INV,proved,2,rodin
Slice_reset/M2/clock/r_rec_width/INV,proved,2,rodin
Slice_reset/M2/clock/rot_width/INV,proved,28,z3new/quick
Slice_reset/M2/clock/w_rec_width/INV,proved,2,rodin
Slice_reset/M2/clock/x_rec_width/INV,proved,2,rodin
Slice_reset/M2/clock/d_rec/WD,proved,28,z3new/quick
Slice_reset/M2/clock/e_rec/WD,proved,34,z3new/quick
Slice_reset/M2/clock/f_rec/WD,proved,142,z3new/quick×3
Slice_reset/M2/clock/m1_rec/WD,proved,48,z3new/quick
Slice_reset/M2/clock/m2_rec/WD,proved,53,z3new/quick
Slice_reset/M2/clock/r_rec/WD,proved,36,z3new/quick
Slice_reset/M2/clock/rot/WD,proved,119,z3new/quick×7
Slice_reset/M2/clock/w_rec/WD,proved,26,z3new/quick
Slice_reset/M2/clock/x_rec/WD,proved,44,z3new/quick
Slice_reset/M2/clock/rot/SIM,proved,178,veriT/all
Slice_reset/M2/clock/f_rec/SIM,proved,5,rodin
Slice_reset/M2/clock/x_rec/SIM,proved,3,rodin
Slice_reset/M2/clock/d_rec/SIM,proved,5,rodin
Slice_reset/M2/clock/r_rec/SIM,proved,2,rodin
Slice_reset/M2/clock/e_rec/SIM,proved,5,rodin
Slice_reset/M2/clock/m1_rec/SIM,proved,3,rodin
Slice_reset/M2/clock/m2_rec/SIM,proved,4,rodin
Slice_reset/M2/clock/w_rec/SIM,proved,3,rodin
Slice_control/M0/INITIALISATION/turn_type/INV,proved,2,rodin
Slice_control/M0/INITIALISATION/val_type/INV,proved,8,rodin
Slice_control/M0/INITIALISATION/init_turn/FIS,proved,5,rodin
Slice_control/M0/INITIALISATION/init_val/FIS,proved,4,rodin
Slice_control/M0/reset/turn_type/INV,proved,50,z3new/quick
Slice_control/M0/reset/val_type/INV,proved,39,z3new/quick
Slice_control/M0/step/next/WD,proved,24,z3new/quick×2
Slice_control/M0/step/thread/THM,proved,230,veriT/all
Slice_control/M0/step/turn_type/INV,proved,0,rodin
Slice_control/M0/step/val_type/INV,proved,465,z3new/quick
Slice_control/M0/step/own/WD,proved,866,z3new/quick split(turn)
Slice_control/M1/INITIALISATION/val'/WFIS,proved,1264,split(rot')
Slice_control/M1/INITIALISATION/rot_type/INV,proved,10,rodin
Slice_control/M1/INITIALISATION/f_rec_type/INV,proved,10,rodin
Slice_control/M1/INITIALISATION/x_rec_type/INV,proved,7,rodin
Slice_control/M1/INITIALISATION/d_rec_type/INV,proved,1,rodin
Slice_control/M1/INITIALISATION/r_rec_type/INV,proved,4,rodin
Slice_control/M1/INITIALISATION/e_rec_type/INV,proved,5,rodin
Slice_control/M1/INITIALISATION/m1_rec_type/INV,proved,0,rodin
Slice_control/M1/INITIALISATION/m2_rec_type/INV,proved,3,rodin
Slice_control/M1/INITIALISATION/w_rec_type/INV,proved,1,rodin
Slice_control/M1/INITIALISATION/turn_rot/INV,proved,4,rodin
Slice_control/M1/INITIALISATION/where_0/INV,proved,4,rodin
Slice_control/M1/INITIALISATION/where_1/INV,proved,10,rodin
Slice_control/M1/INITIALISATION/where_2/INV,proved,10,rodin
Slice_control/M1/INITIALISATION/where_3/INV,proved,3,rodin
Slice_control/M1/INITIALISATION/where_4/INV,proved,1,rodin
Slice_control/M1/INITIALISATION/where_5/INV,proved,4,rodin
Slice_control/M1/INITIALISATION/where_6/INV,proved,5,rodin
Slice_control/M1/INITIALISATION/where_7/INV,proved,5,rodin
Slice_control/M1/INITIALISATION/init_rot/FIS,proved,6,rodin
Slice_control/M1/INITIALISATION/init_f_rec/FIS,proved,4,rodin
Slice_control/M1/INITIALISATION/init_x_rec/FIS,proved,2,rodin
Slice_control/M1/INITIALISATION/init_d_rec/FIS,proved,4,rodin
Slice_control/M1/INITIALISATION/init_r_rec/FIS,proved,2,rodin
Slice_control/M1/INITIALISATION/init_e_rec/FIS,proved,4,rodin
Slice_control/M1/INITIALISATION/init_m1_rec/FIS,proved,2,rodin
Slice_control/M1/INITIALISATION/init_m2_rec/FIS,proved,8,rodin
Slice_control/M1/INITIALISATION/init_w_rec/FIS,proved,2,rodin
Slice_control/M1/INITIALISATION/init_turn/SIM,proved,0,rodin
Slice_control/M1/INITIALISATION/init_val/SIM,proved,1156,veriT/selected
Slice_control/M1/reset/rot_type/INV,proved,32,z3new/quick
Slice_control/M1/reset/f_rec_type/INV,proved,36,z3new/quick
Slice_control/M1/reset/x_rec_type/INV,proved,29,z3new/quick
Slice_control/M1/reset/d_rec_type/INV,proved,34,z3new/quick
Slice_control/M1/reset/r_rec_type/INV,proved,35,z3new/quick
Slice_control/M1/reset/e_rec_type/INV,proved,32,z3new/quick
Slice_control/M1/reset/m1_rec_type/INV,proved,26,z3new/quick
Slice_control/M1/reset/m2_rec_type/INV,proved,22,z3new/quick
Slice_control/M1/reset/w_rec_type/INV,proved,22,z3new/quick
Slice_control/M1/reset/turn_rot/INV,proved,1,rodin
Slice_control/M1/reset/where_0/INV,proved,51,z3new/quick
Slice_control/M1/reset/where_1/INV,proved,1,rodin
Slice_control/M1/reset/where_2/INV,proved,1,rodin
Slice_control/M1/reset/where_3/INV,proved,1,rodin
Slice_control/M1/reset/where_4/INV,proved,1,rodin
Slice_control/M1/reset/where_5/INV,proved,1,rodin
Slice_control/M1/reset/where_6/INV,proved,1,rodin
Slice_control/M1/reset/where_7/INV,proved,1,rodin
Slice_control/M1/clock/t/WWD,proved,31,z3new/quick×2
Slice_control/M1/clock/rot_type/INV,proved,31,z3new/quick
Slice_control/M1/clock/f_rec_type/INV,proved,190,veriT/all
Slice_control/M1/clock/x_rec_type/INV,proved,5,rodin
Slice_control/M1/clock/d_rec_type/INV,proved,5,rodin
Slice_control/M1/clock/r_rec_type/INV,proved,5,rodin
Slice_control/M1/clock/e_rec_type/INV,proved,2,rodin
Slice_control/M1/clock/m1_rec_type/INV,proved,6,rodin
Slice_control/M1/clock/m2_rec_type/INV,proved,2,rodin
Slice_control/M1/clock/w_rec_type/INV,proved,1,rodin
Slice_control/M1/clock/turn_rot/INV,proved,3,rodin
Slice_control/M1/clock/where_0/INV,proved,3162,split(rot)
Slice_control/M1/clock/where_1/INV,proved,3465,split(rot)
Slice_control/M1/clock/where_2/INV,proved,3534,split(rot)
Slice_control/M1/clock/where_3/INV,proved,3538,split(rot)
Slice_control/M1/clock/where_4/INV,proved,3533,split(rot)
Slice_control/M1/clock/where_5/INV,proved,3547,split(rot)
Slice_control/M1/clock/where_6/INV,proved,3162,split(rot)
Slice_control/M1/clock/where_7/INV,proved,3481,split(rot)
Slice_control/M1/clock/next/GRD,proved,474,veriT/all
Slice_control/M1/clock/rot/WD,proved,75,z3new/quick×2
Slice_control/M1/clock/f_rec/WD,proved,74,z3new/quick×2
Slice_control/M2/INITIALISATION/d_rec_width/INV,proved,10,rodin
Slice_control/M2/INITIALISATION/e_rec_width/INV,proved,8,rodin
Slice_control/M2/INITIALISATION/f_rec_width/INV,proved,5,rodin
Slice_control/M2/INITIALISATION/m1_rec_width/INV,proved,6,rodin
Slice_control/M2/INITIALISATION/m2_rec_width/INV,proved,3,rodin
Slice_control/M2/INITIALISATION/r_rec_width/INV,proved,1,rodin
Slice_control/M2/INITIALISATION/rot_width/INV,proved,5,rodin
Slice_control/M2/INITIALISATION/w_rec_width/INV,proved,3,rodin
Slice_control/M2/INITIALISATION/x_rec_width/INV,proved,1,rodin
Slice_control/M2/reset/d_rec_width/INV,proved,39,z3new/quick
Slice_control/M2/reset/e_rec_width/INV,proved,26,z3new/quick
Slice_control/M2/reset/f_rec_width/INV,proved,22,z3new/quick
Slice_control/M2/reset/m1_rec_width/INV,proved,46,z3new/quick
Slice_control/M2/reset/m2_rec_width/INV,proved,29,z3new/quick
Slice_control/M2/reset/r_rec_width/INV,proved,30,z3new/quick
Slice_control/M2/reset/rot_width/INV,proved,24,z3new/quick
Slice_control/M2/reset/w_rec_width/INV,proved,29,z3new/quick
Slice_control/M2/reset/x_rec_width/INV,proved,33,z3new/quick
Slice_control/M2/reset/d_rec/WD,proved,24,z3new/quick
Slice_control/M2/reset/e_rec/WD,proved,35,z3new/quick
Slice_control/M2/reset/f_rec/WD,proved,52,z3new/quick×3
Slice_control/M2/reset/m1_rec/WD,proved,26,z3new/quick
Slice_control/M2/reset/m2_rec/WD,proved,26,z3new/quick
Slice_control/M2/reset/r_rec/WD,proved,20,z3new/quick
Slice_control/M2/reset/rot/WD,proved,44,z3new/quick×3
Slice_control/M2/reset/w_rec/WD,proved,25,z3new/quick
Slice_control/M2/reset/x_rec/WD,proved,26,z3new/quick
Slice_control/M2/reset/reset_rot/SIM,proved,3,rodin
Slice_control/M2/reset/reset_f_rec/SIM,proved,3,rodin
Slice_control/M2/reset/reset_x_rec/SIM,proved,4,rodin
Slice_control/M2/reset/reset_d_rec/SIM,proved,4,rodin
Slice_control/M2/reset/reset_r_rec/SIM,proved,5,rodin
Slice_control/M2/reset/reset_e_rec/SIM,proved,3,rodin
Slice_control/M2/reset/reset_m1_rec/SIM,proved,9,rodin
Slice_control/M2/reset/reset_m2_rec/SIM,proved,11,rodin
Slice_control/M2/reset/reset_w_rec/SIM,proved,3,rodin
Slice_control/M2/clock/d_rec_width/INV,proved,5,rodin
Slice_control/M2/clock/e_rec_width/INV,proved,6,rodin
Slice_control/M2/clock/f_rec_width/INV,proved,161,veriT/all
Slice_control/M2/clock/m1_rec_width/INV,proved,7,rodin
Slice_control/M2/clock/m2_rec_width/INV,proved,6,rodin
Slice_control/M2/clock/r_rec_width/INV,proved,7,rodin
Slice_control/M2/clock/rot_width/INV,proved,27,z3new/quick
Slice_control/M2/clock/w_rec_width/INV,proved,9,rodin
Slice_control/M2/clock/x_rec_width/INV,proved,2,rodin
Slice_control/M2/clock/d_rec/WD,proved,34,z3new/quick
Slice_control/M2/clock/e_rec/WD,proved,37,z3new/quick
Slice_control/M2/clock/f_rec/WD,proved,67,z3new/quick×3
Slice_control/M2/clock/m1_rec/WD,proved,29,z3new/quick
Slice_control/M2/clock/m2_rec/WD,proved,30,z3new/quick
Slice_control/M2/clock/r_rec/WD,proved,37,z3new/quick
Slice_control/M2/clock/rot/WD,proved,66,z3new/quick×3
Slice_control/M2/clock/w_rec/WD,proved,28,z3new/quick
Slice_control/M2/clock/x_rec/WD,proved,41,z3new/quick
Slice_control/M2/clock/rot/SIM,proved,127,veriT/all
Slice_control/M2/clock/f_rec/SIM,proved,2,rodin
Slice_control/M2/clock/x_rec/SIM,proved,4,rodin
Slice_control/M2/clock/d_rec/SIM,proved,6,rodin
Slice_control/M2/clock/r_rec/SIM,proved,4,rodin
Slice_control/M2/clock/e_rec/SIM,proved,6,rodin
Slice_control/M2/clock/m1_rec/SIM,proved,8,rodin
Slice_control/M2/clock/m2_rec/SIM,proved,9,rodin
Slice_control/M2/clock/w_rec/SIM,proved,6,rodin
