RotLaps/M0/INITIALISATION/inv1/INV,proved,6,rodin
RotLaps/M0/tick/inv1/INV,proved,377,Z3/selected
RotLaps/M1/cover/THM,proved,29,Z3/selected
RotLaps/M1/INITIALISATION/inv1/INV,proved,71,Z3/all
RotLaps/M1/INITIALISATION/glue/INV,proved,5,rodin
RotLaps/M1/wrap/inv1/INV,proved,20,Z3/selected
RotLaps/M1/wrap/glue/INV,proved,73,Z3/selected CVC3/selected
RotLaps/M1/step/inv1/INV,proved,18,Z3/selected
RotLaps/M1/step/glue/INV,proved,9,rodin
FieldInt/M0/INITIALISATION/fields/INV,proved,51,Z3/selected×3
FieldInt/M0/insert/fields/INV,proved,5,rodin
FieldInt/M1/INITIALISATION/word/INV,proved,16,Z3/selected
FieldInt/M1/INITIALISATION/glue/INV,proved,2,rodin
FieldInt/M1/insert/word/INV,proved,17,Z3/selected
FieldInt/M1/insert/glue/INV,proved,150,Z3/all
FieldInt/M1/extract/grd1/GRD,proved,384,Z3/all
DecodeInt/M0/INITIALISATION/fields/INV,proved,48,Z3/selected×3
DecodeInt/M0/set_rd/fields/INV,proved,5,rodin
DecodeInt/M1/INITIALISATION/word/INV,proved,17,Z3/selected
DecodeInt/M1/INITIALISATION/glue/INV,proved,2,rodin
DecodeInt/M1/decode/grd1/GRD,proved,20772,Z3/all×5 CVC3/all
DecodeInt/M1/set_rd/word/INV,proved,23,Z3/selected
DecodeInt/M1/set_rd/glue/INV,proved,1578,Z3/all
AddInt/M0/INITIALISATION/words/INV,proved,16,Z3/selected
AddInt/M0/load/words/INV,proved,4,rodin
AddInt/M0/add/words/INV,proved,4,rodin
AddInt/M0/sub/words/INV,proved,4,rodin
AddInt/M1/add/grd1/GRD,proved,143,Z3/selected×2
AddInt/M1/add/act1/SIM,proved,23,rodin
AddInt/M1/sub/grd1/GRD,proved,135,Z3/selected×3
AddInt/M1/sub/act1/SIM,proved,29,rodin
Shift/M0/INITIALISATION/words/INV,proved,11,Z3/selected
Shift/M0/load/words/INV,proved,2,rodin
Shift/M0/sll/words/INV,proved,8,rodin
Shift/M0/srl/words/INV,proved,41,Z3/selected
Shift/M1/sll/act1/SIM,proved,8672,CVC3/selected
Shift/M1/srl/act1/SIM,proved,40,Z3/selected
BridgeRegion/M0/INITIALISATION/outputs/INV,proved,12,Z3/selected
BridgeRegion/M0/eval/outputs/INV,proved,24,Z3/selected
BridgeRegion/M0/eval/act0/WD,proved,15,Z3/selected×2
BridgeRegion/M1/eval/act0/WD,proved,17,Z3/selected×2
BridgeRegion/M1/eval/act0/SIM,proved,18,Z3/selected
BridgeAluGates/M0/INITIALISATION/word/INV,proved,45,Z3/selected
BridgeAluGates/M0/add/word/INV,proved,38,Z3/selected
BridgeAluGates/M0/add/act1/WD,proved,43,Z3/selected×2
BridgeAluGates/M0/sub/word/INV,proved,40,Z3/selected
BridgeAluGates/M0/sub/act1/WD,proved,38,Z3/selected×2
BridgeAluGates/M0/sll/word/INV,proved,171,Z3/selected
BridgeAluGates/M0/sll/act1/WD,proved,1237,Z3/selected×62
BridgeAluGates/M0/slt/word/INV,proved,29,Z3/selected
BridgeAluGates/M0/slt/act1/WD,proved,31,Z3/selected×2
BridgeAluGates/M0/sltu/word/INV,proved,28,Z3/selected
BridgeAluGates/M0/sltu/act1/WD,proved,29,Z3/selected×2
BridgeAluGates/M0/xor/word/INV,proved,219,Z3/selected
BridgeAluGates/M0/srl/word/INV,proved,204,Z3/selected
BridgeAluGates/M0/srl/act1/WD,proved,1275,Z3/selected×62
BridgeAluGates/M0/sra/word/INV,proved,223,Z3/selected
BridgeAluGates/M0/sra/act1/WD,proved,1227,Z3/selected×62
BridgeAluGates/M0/or/word/INV,proved,58,Z3/selected
BridgeAluGates/M0/and/word/INV,proved,58,Z3/selected
BridgeAluGates/M1/sll_1_0/op/GRD,proved,37,rodin
BridgeAluGates/M1/sll_1_1/op/GRD,proved,7,rodin
BridgeAluGates/M1/slt_2_0/op/GRD,proved,8,rodin
BridgeAluGates/M1/slt_2_1/op/GRD,proved,8,rodin
BridgeAluGates/M1/sltu_3_0/op/GRD,proved,8,rodin
BridgeAluGates/M1/sltu_3_1/op/GRD,proved,7,rodin
BridgeAluGates/M1/xor_4_0/op/GRD,proved,37,rodin
BridgeAluGates/M1/xor_4_1/op/GRD,proved,50,rodin
BridgeAluGates/M1/sra_5_1/act1/WD,proved,1318,Z3/selected×62
BridgeAluGates/M1/sra_5_1/act1/SIM,proved,411,Z3/selected
BridgeAluGates/M1/or_6_0/op/GRD,proved,26,rodin
BridgeAluGates/M1/or_6_1/op/GRD,proved,24,rodin
BridgeAluGates/M1/and_7_0/op/GRD,proved,24,rodin
BridgeAluGates/M1/and_7_1/op/GRD,proved,25,rodin
