RotLaps/M0/INITIALISATION/inv1/INV,proved,5,rodin
RotLaps/M0/tick/inv1/INV,proved,357,Z3/quick
RotLaps/M1/cover/THM,proved,23,Z3/quick
RotLaps/M1/INITIALISATION/inv1/INV,proved,94,Z3/all
RotLaps/M1/INITIALISATION/glue/INV,proved,8,rodin
RotLaps/M1/wrap/inv1/INV,proved,14,Z3/quick
RotLaps/M1/wrap/glue/INV,proved,42,Z3/quick CVC4/none
RotLaps/M1/step/inv1/INV,proved,13,Z3/quick
RotLaps/M1/step/glue/INV,proved,7,rodin
FieldInt/M0/INITIALISATION/fields/INV,proved,31,Z3/quick×3
FieldInt/M0/insert/fields/INV,proved,3,rodin
FieldInt/M1/INITIALISATION/word/INV,proved,9,Z3/quick
FieldInt/M1/INITIALISATION/glue/INV,proved,1,rodin
FieldInt/M1/insert/word/INV,proved,14,Z3/quick
FieldInt/M1/insert/glue/INV,proved,531,CVC3/all
FieldInt/M1/extract/grd1/GRD,proved,498,CVC3/all
DecodeInt/M0/INITIALISATION/fields/INV,proved,29,Z3/quick×3
DecodeInt/M0/set_rd/fields/INV,proved,3,rodin
DecodeInt/M1/INITIALISATION/word/INV,proved,11,Z3/quick
DecodeInt/M1/INITIALISATION/glue/INV,proved,1,rodin
DecodeInt/M1/decode/grd1/GRD,proved,2817,Z3/all CVC3/all×4 CVC4/all
DecodeInt/M1/set_rd/word/INV,proved,14,Z3/quick
DecodeInt/M1/set_rd/glue/INV,proved,736,CVC3/all
AddInt/M0/INITIALISATION/words/INV,proved,13,Z3/quick
AddInt/M0/load/words/INV,proved,3,rodin
AddInt/M0/add/words/INV,proved,3,rodin
AddInt/M0/sub/words/INV,proved,3,rodin
AddInt/M1/add/grd1/GRD,proved,134,Z3/quick×2
AddInt/M1/add/act1/SIM,proved,27,rodin
AddInt/M1/sub/grd1/GRD,proved,141,Z3/quick×3
AddInt/M1/sub/act1/SIM,proved,23,rodin
Shift/M0/INITIALISATION/words/INV,proved,13,Z3/quick
Shift/M0/load/words/INV,proved,2,rodin
Shift/M0/sll/words/INV,proved,7,rodin
Shift/M0/srl/words/INV,proved,23,Z3/quick
Shift/M1/sll/act1/SIM,proved,3423,CVC3/selected
Shift/M1/srl/act1/SIM,proved,41,Z3/quick
BridgeRegion/M0/INITIALISATION/outputs/INV,proved,15,Z3/quick
BridgeRegion/M0/eval/outputs/INV,proved,26,Z3/quick
BridgeRegion/M0/eval/act0/WD,proved,17,Z3/quick×2
BridgeRegion/M1/eval/act0/WD,proved,15,Z3/quick×2
BridgeRegion/M1/eval/act0/SIM,proved,15,Z3/quick
BridgeAluGates/M0/INITIALISATION/word/INV,proved,32,Z3/quick
BridgeAluGates/M0/add/word/INV,proved,36,Z3/quick
BridgeAluGates/M0/add/act1/WD,proved,40,Z3/quick×2
BridgeAluGates/M0/sub/word/INV,proved,37,Z3/quick
BridgeAluGates/M0/sub/act1/WD,proved,36,Z3/quick×2
BridgeAluGates/M0/sll/word/INV,proved,142,Z3/quick
BridgeAluGates/M0/sll/act1/WD,proved,1671,Z3/quick×62
BridgeAluGates/M0/slt/word/INV,proved,84,Z3/quick
BridgeAluGates/M0/slt/act1/WD,proved,101,Z3/quick×2
BridgeAluGates/M0/sltu/word/INV,proved,47,Z3/quick
BridgeAluGates/M0/sltu/act1/WD,proved,34,Z3/quick×2
BridgeAluGates/M0/xor/word/INV,proved,202,Z3/quick
BridgeAluGates/M0/srl/word/INV,proved,203,Z3/quick
BridgeAluGates/M0/srl/act1/WD,proved,1382,Z3/quick×62
BridgeAluGates/M0/sra/word/INV,proved,259,Z3/quick
BridgeAluGates/M0/sra/act1/WD,proved,1208,Z3/quick×62
BridgeAluGates/M0/or/word/INV,proved,56,Z3/quick
BridgeAluGates/M0/and/word/INV,proved,71,Z3/quick
BridgeAluGates/M1/sll_1_0/op/GRD,proved,36,rodin
BridgeAluGates/M1/sll_1_1/op/GRD,proved,8,rodin
BridgeAluGates/M1/slt_2_0/op/GRD,proved,8,rodin
BridgeAluGates/M1/slt_2_1/op/GRD,proved,8,rodin
BridgeAluGates/M1/sltu_3_0/op/GRD,proved,9,rodin
BridgeAluGates/M1/sltu_3_1/op/GRD,proved,10,rodin
BridgeAluGates/M1/xor_4_0/op/GRD,proved,62,rodin
BridgeAluGates/M1/xor_4_1/op/GRD,proved,61,rodin
BridgeAluGates/M1/sra_5_1/act1/WD,proved,1500,Z3/quick×62
BridgeAluGates/M1/sra_5_1/act1/SIM,proved,865,Z3/quick
BridgeAluGates/M1/or_6_0/op/GRD,proved,99,rodin
BridgeAluGates/M1/or_6_1/op/GRD,proved,107,rodin
BridgeAluGates/M1/and_7_0/op/GRD,proved,123,rodin
BridgeAluGates/M1/and_7_1/op/GRD,proved,108,rodin
