BridgeAluMutSub/M0/INITIALISATION/word/INV,proved,417,Z3/selected
BridgeAluMutSub/M0/add/word/INV,proved,58,Z3/selected
BridgeAluMutSub/M0/add/act1/WD,proved,58,Z3/selected×2
BridgeAluMutSub/M0/sub/word/INV,proved,46,Z3/selected
BridgeAluMutSub/M0/sub/act1/WD,proved,49,Z3/selected×2
BridgeAluMutSub/M0/sll/word/INV,proved,189,Z3/selected
BridgeAluMutSub/M0/sll/act1/WD,proved,1218,Z3/selected×62
BridgeAluMutSub/M0/slt/word/INV,proved,32,Z3/selected
BridgeAluMutSub/M0/slt/act1/WD,proved,34,Z3/selected×2
BridgeAluMutSub/M0/sltu/word/INV,proved,28,Z3/selected
BridgeAluMutSub/M0/sltu/act1/WD,proved,35,Z3/selected×2
BridgeAluMutSub/M0/xor/word/INV,proved,230,Z3/selected
BridgeAluMutSub/M0/srl/word/INV,proved,214,Z3/selected
BridgeAluMutSub/M0/srl/act1/WD,proved,1226,Z3/selected×62
BridgeAluMutSub/M0/sra/word/INV,proved,231,Z3/selected
BridgeAluMutSub/M0/sra/act1/WD,proved,1171,Z3/selected×62
BridgeAluMutSub/M0/or/word/INV,proved,61,Z3/selected
BridgeAluMutSub/M0/and/word/INV,proved,55,Z3/selected
BridgeAluMutSub/M1/sub_0_1/act1/WD,proved,79,Z3/selected×2
BridgeAluMutSub/M1/sub_0_1/act1/SIM,open,6591,
BridgeAluMutSub/M1/sll_1_0/op/GRD,proved,12,rodin
BridgeAluMutSub/M1/sll_1_1/op/GRD,proved,8,rodin
BridgeAluMutSub/M1/slt_2_0/op/GRD,proved,9,rodin
BridgeAluMutSub/M1/slt_2_1/op/GRD,proved,8,rodin
BridgeAluMutSub/M1/sltu_3_0/op/GRD,proved,9,rodin
BridgeAluMutSub/M1/sltu_3_1/op/GRD,proved,11,rodin
BridgeAluMutSub/M1/xor_4_0/op/GRD,proved,41,rodin
BridgeAluMutSub/M1/xor_4_1/op/GRD,proved,39,rodin
BridgeAluMutSub/M1/sra_5_1/act1/WD,proved,1534,Z3/selected×62
BridgeAluMutSub/M1/sra_5_1/act1/SIM,proved,466,Z3/selected
BridgeAluMutSub/M1/or_6_0/op/GRD,proved,28,rodin
BridgeAluMutSub/M1/or_6_1/op/GRD,proved,27,rodin
BridgeAluMutSub/M1/and_7_0/op/GRD,proved,25,rodin
BridgeAluMutSub/M1/and_7_1/op/GRD,proved,26,rodin
BridgeAluMutXor/M0/INITIALISATION/word/INV,proved,34,Z3/selected
BridgeAluMutXor/M0/add/word/INV,proved,32,Z3/selected
BridgeAluMutXor/M0/add/act1/WD,proved,40,Z3/selected×2
BridgeAluMutXor/M0/sub/word/INV,proved,42,Z3/selected
BridgeAluMutXor/M0/sub/act1/WD,proved,35,Z3/selected×2
BridgeAluMutXor/M0/sll/word/INV,proved,124,Z3/selected
BridgeAluMutXor/M0/sll/act1/WD,proved,1150,Z3/selected×62
BridgeAluMutXor/M0/slt/word/INV,proved,35,Z3/selected
BridgeAluMutXor/M0/slt/act1/WD,proved,32,Z3/selected×2
BridgeAluMutXor/M0/sltu/word/INV,proved,37,Z3/selected
BridgeAluMutXor/M0/sltu/act1/WD,proved,29,Z3/selected×2
BridgeAluMutXor/M0/xor/word/INV,proved,189,Z3/selected
BridgeAluMutXor/M0/srl/word/INV,proved,215,Z3/selected
BridgeAluMutXor/M0/srl/act1/WD,proved,1224,Z3/selected×62
BridgeAluMutXor/M0/sra/word/INV,proved,207,Z3/selected
BridgeAluMutXor/M0/sra/act1/WD,proved,1197,Z3/selected×62
BridgeAluMutXor/M0/or/word/INV,proved,57,Z3/selected
BridgeAluMutXor/M0/and/word/INV,proved,62,Z3/selected
BridgeAluMutXor/M1/sll_1_0/op/GRD,proved,89,rodin
BridgeAluMutXor/M1/sll_1_1/op/GRD,proved,8,rodin
BridgeAluMutXor/M1/slt_2_0/op/GRD,proved,8,rodin
BridgeAluMutXor/M1/slt_2_1/op/GRD,proved,7,rodin
BridgeAluMutXor/M1/sltu_3_0/op/GRD,proved,8,rodin
BridgeAluMutXor/M1/sltu_3_1/op/GRD,proved,7,rodin
BridgeAluMutXor/M1/xor_4_0/t0/WWD,proved,80,Z3/selected×2
BridgeAluMutXor/M1/xor_4_0/t1/WWD,proved,72,Z3/selected×2
BridgeAluMutXor/M1/xor_4_0/t2/WWD,proved,69,Z3/selected×2
BridgeAluMutXor/M1/xor_4_0/t3/WWD,proved,66,Z3/selected×2
BridgeAluMutXor/M1/xor_4_0/t4/WWD,proved,68,Z3/selected×2
BridgeAluMutXor/M1/xor_4_0/t5/WWD,proved,67,Z3/selected×2
BridgeAluMutXor/M1/xor_4_0/t6/WWD,proved,69,Z3/selected×2
BridgeAluMutXor/M1/xor_4_0/t7/WWD,proved,70,Z3/selected×2
BridgeAluMutXor/M1/xor_4_0/t8/WWD,proved,67,Z3/selected×2
BridgeAluMutXor/M1/xor_4_0/t9/WWD,proved,79,Z3/selected×2
BridgeAluMutXor/M1/xor_4_0/t10/WWD,proved,72,Z3/selected×2
BridgeAluMutXor/M1/xor_4_0/t11/WWD,proved,64,Z3/selected×2
BridgeAluMutXor/M1/xor_4_0/t12/WWD,proved,64,Z3/selected×2
BridgeAluMutXor/M1/xor_4_0/t13/WWD,proved,84,Z3/selected×2
BridgeAluMutXor/M1/xor_4_0/t14/WWD,proved,71,Z3/selected×2
BridgeAluMutXor/M1/xor_4_0/t15/WWD,proved,81,Z3/selected×2
BridgeAluMutXor/M1/xor_4_0/t16/WWD,proved,66,Z3/selected×2
BridgeAluMutXor/M1/xor_4_0/t17/WWD,proved,68,Z3/selected×2
BridgeAluMutXor/M1/xor_4_0/t18/WWD,proved,68,Z3/selected×2
BridgeAluMutXor/M1/xor_4_0/t19/WWD,proved,70,Z3/selected×2
BridgeAluMutXor/M1/xor_4_0/t20/WWD,proved,70,Z3/selected×2
BridgeAluMutXor/M1/xor_4_0/t21/WWD,proved,70,Z3/selected×2
BridgeAluMutXor/M1/xor_4_0/t22/WWD,proved,72,Z3/selected×2
BridgeAluMutXor/M1/xor_4_0/t23/WWD,proved,67,Z3/selected×2
BridgeAluMutXor/M1/xor_4_0/t24/WWD,proved,67,Z3/selected×2
BridgeAluMutXor/M1/xor_4_0/t25/WWD,proved,81,Z3/selected×2
BridgeAluMutXor/M1/xor_4_0/t26/WWD,proved,80,Z3/selected×2
BridgeAluMutXor/M1/xor_4_0/t27/WWD,proved,66,Z3/selected×2
BridgeAluMutXor/M1/xor_4_0/t28/WWD,proved,65,Z3/selected×2
BridgeAluMutXor/M1/xor_4_0/t29/WWD,proved,69,Z3/selected×2
BridgeAluMutXor/M1/xor_4_0/t30/WWD,proved,65,Z3/selected×2
BridgeAluMutXor/M1/xor_4_0/t31/WWD,proved,66,Z3/selected×2
BridgeAluMutXor/M1/xor_4_0/op/GRD,proved,25,rodin
BridgeAluMutXor/M1/xor_4_0/xor_bits/GRD,open,10915,
BridgeAluMutXor/M1/xor_4_1/t0/WWD,proved,83,Z3/selected×2
BridgeAluMutXor/M1/xor_4_1/t1/WWD,proved,67,Z3/selected×2
BridgeAluMutXor/M1/xor_4_1/t2/WWD,proved,68,Z3/selected×2
BridgeAluMutXor/M1/xor_4_1/t3/WWD,proved,68,Z3/selected×2
BridgeAluMutXor/M1/xor_4_1/t4/WWD,proved,74,Z3/selected×2
BridgeAluMutXor/M1/xor_4_1/t5/WWD,proved,85,Z3/selected×2
BridgeAluMutXor/M1/xor_4_1/t6/WWD,proved,81,Z3/selected×2
BridgeAluMutXor/M1/xor_4_1/t7/WWD,proved,76,Z3/selected×2
BridgeAluMutXor/M1/xor_4_1/t8/WWD,proved,73,Z3/selected×2
BridgeAluMutXor/M1/xor_4_1/t9/WWD,proved,70,Z3/selected×2
BridgeAluMutXor/M1/xor_4_1/t10/WWD,proved,71,Z3/selected×2
BridgeAluMutXor/M1/xor_4_1/t11/WWD,proved,68,Z3/selected×2
BridgeAluMutXor/M1/xor_4_1/t12/WWD,proved,68,Z3/selected×2
BridgeAluMutXor/M1/xor_4_1/t13/WWD,proved,66,Z3/selected×2
BridgeAluMutXor/M1/xor_4_1/t14/WWD,proved,66,Z3/selected×2
BridgeAluMutXor/M1/xor_4_1/t15/WWD,proved,73,Z3/selected×2
BridgeAluMutXor/M1/xor_4_1/t16/WWD,proved,68,Z3/selected×2
BridgeAluMutXor/M1/xor_4_1/t17/WWD,proved,72,Z3/selected×2
BridgeAluMutXor/M1/xor_4_1/t18/WWD,proved,77,Z3/selected×2
BridgeAluMutXor/M1/xor_4_1/t19/WWD,proved,67,Z3/selected×2
BridgeAluMutXor/M1/xor_4_1/t20/WWD,proved,82,Z3/selected×2
BridgeAluMutXor/M1/xor_4_1/t21/WWD,proved,80,Z3/selected×2
BridgeAluMutXor/M1/xor_4_1/t22/WWD,proved,71,Z3/selected×2
BridgeAluMutXor/M1/xor_4_1/t23/WWD,proved,80,Z3/selected×2
BridgeAluMutXor/M1/xor_4_1/t24/WWD,proved,89,Z3/selected×2
BridgeAluMutXor/M1/xor_4_1/t25/WWD,proved,65,Z3/selected×2
BridgeAluMutXor/M1/xor_4_1/t26/WWD,proved,66,Z3/selected×2
BridgeAluMutXor/M1/xor_4_1/t27/WWD,proved,65,Z3/selected×2
BridgeAluMutXor/M1/xor_4_1/t28/WWD,proved,65,Z3/selected×2
BridgeAluMutXor/M1/xor_4_1/t29/WWD,proved,67,Z3/selected×2
BridgeAluMutXor/M1/xor_4_1/t30/WWD,proved,65,Z3/selected×2
BridgeAluMutXor/M1/xor_4_1/t31/WWD,proved,86,Z3/selected×2
BridgeAluMutXor/M1/xor_4_1/op/GRD,proved,41,rodin
BridgeAluMutXor/M1/xor_4_1/xor_bits/GRD,open,7206,
BridgeAluMutXor/M1/sra_5_1/act1/WD,proved,1326,Z3/selected×62
BridgeAluMutXor/M1/sra_5_1/act1/SIM,proved,454,Z3/selected
BridgeAluMutXor/M1/or_6_0/op/GRD,proved,40,rodin
BridgeAluMutXor/M1/or_6_1/op/GRD,proved,42,rodin
BridgeAluMutXor/M1/and_7_0/op/GRD,proved,25,rodin
BridgeAluMutXor/M1/and_7_1/op/GRD,proved,28,rodin
BridgeAluCtlXor/M0/INITIALISATION/word/INV,proved,37,Z3/selected
BridgeAluCtlXor/M0/add/word/INV,proved,38,Z3/selected
BridgeAluCtlXor/M0/add/act1/WD,proved,36,Z3/selected×2
BridgeAluCtlXor/M0/sub/word/INV,proved,38,Z3/selected
BridgeAluCtlXor/M0/sub/act1/WD,proved,40,Z3/selected×2
BridgeAluCtlXor/M0/sll/word/INV,proved,124,Z3/selected
BridgeAluCtlXor/M0/sll/act1/WD,proved,1080,Z3/selected×62
BridgeAluCtlXor/M0/slt/word/INV,proved,29,Z3/selected
BridgeAluCtlXor/M0/slt/act1/WD,proved,34,Z3/selected×2
BridgeAluCtlXor/M0/sltu/word/INV,proved,30,Z3/selected
BridgeAluCtlXor/M0/sltu/act1/WD,proved,33,Z3/selected×2
BridgeAluCtlXor/M0/xor/word/INV,proved,201,Z3/selected
BridgeAluCtlXor/M0/srl/word/INV,proved,167,Z3/selected
BridgeAluCtlXor/M0/srl/act1/WD,proved,1197,Z3/selected×62
BridgeAluCtlXor/M0/sra/word/INV,proved,207,Z3/selected
BridgeAluCtlXor/M0/sra/act1/WD,proved,1179,Z3/selected×62
BridgeAluCtlXor/M0/or/word/INV,proved,50,Z3/selected
BridgeAluCtlXor/M0/and/word/INV,proved,59,Z3/selected
BridgeAluCtlXor/M1/sll_1_0/op/GRD,proved,218,rodin
BridgeAluCtlXor/M1/sll_1_1/op/GRD,proved,14,rodin
BridgeAluCtlXor/M1/slt_2_0/op/GRD,proved,8,rodin
BridgeAluCtlXor/M1/slt_2_1/op/GRD,proved,6,rodin
BridgeAluCtlXor/M1/sltu_3_0/op/GRD,proved,7,rodin
BridgeAluCtlXor/M1/sltu_3_1/op/GRD,proved,7,rodin
BridgeAluCtlXor/M1/xor_4_0/r0/WWD,proved,112,Z3/selected×2
BridgeAluCtlXor/M1/xor_4_0/r1/WWD,proved,133,Z3/selected×2
BridgeAluCtlXor/M1/xor_4_0/r2/WWD,proved,155,Z3/selected×2
BridgeAluCtlXor/M1/xor_4_0/r3/WWD,proved,112,Z3/selected×2
BridgeAluCtlXor/M1/xor_4_0/r4/WWD,proved,120,Z3/selected×2
BridgeAluCtlXor/M1/xor_4_0/r5/WWD,proved,133,Z3/selected×2
BridgeAluCtlXor/M1/xor_4_0/r6/WWD,proved,154,Z3/selected×2
BridgeAluCtlXor/M1/xor_4_0/r7/WWD,proved,124,Z3/selected×2
BridgeAluCtlXor/M1/xor_4_0/r8/WWD,proved,112,Z3/selected×2
BridgeAluCtlXor/M1/xor_4_0/r9/WWD,proved,111,Z3/selected×2
BridgeAluCtlXor/M1/xor_4_0/r10/WWD,proved,141,Z3/selected×2
BridgeAluCtlXor/M1/xor_4_0/r11/WWD,proved,149,Z3/selected×2
BridgeAluCtlXor/M1/xor_4_0/r12/WWD,proved,115,Z3/selected×2
BridgeAluCtlXor/M1/xor_4_0/r13/WWD,proved,115,Z3/selected×2
BridgeAluCtlXor/M1/xor_4_0/r14/WWD,proved,113,Z3/selected×2
BridgeAluCtlXor/M1/xor_4_0/r15/WWD,proved,110,Z3/selected×2
BridgeAluCtlXor/M1/xor_4_0/r16/WWD,proved,116,Z3/selected×2
BridgeAluCtlXor/M1/xor_4_0/r17/WWD,proved,136,Z3/selected×2
BridgeAluCtlXor/M1/xor_4_0/r18/WWD,proved,119,Z3/selected×2
BridgeAluCtlXor/M1/xor_4_0/r19/WWD,proved,114,Z3/selected×2
BridgeAluCtlXor/M1/xor_4_0/r20/WWD,proved,119,Z3/selected×2
BridgeAluCtlXor/M1/xor_4_0/r21/WWD,proved,130,Z3/selected×2
BridgeAluCtlXor/M1/xor_4_0/r22/WWD,proved,120,Z3/selected×2
BridgeAluCtlXor/M1/xor_4_0/r23/WWD,proved,113,Z3/selected×2
BridgeAluCtlXor/M1/xor_4_0/r24/WWD,proved,116,Z3/selected×2
BridgeAluCtlXor/M1/xor_4_0/r25/WWD,proved,116,Z3/selected×2
BridgeAluCtlXor/M1/xor_4_0/r26/WWD,proved,119,Z3/selected×2
BridgeAluCtlXor/M1/xor_4_0/r27/WWD,proved,127,Z3/selected×2
BridgeAluCtlXor/M1/xor_4_0/r28/WWD,proved,116,Z3/selected×2
BridgeAluCtlXor/M1/xor_4_0/r29/WWD,proved,112,Z3/selected×2
BridgeAluCtlXor/M1/xor_4_0/r30/WWD,proved,117,Z3/selected×2
BridgeAluCtlXor/M1/xor_4_0/r31/WWD,proved,144,Z3/selected×2
BridgeAluCtlXor/M1/xor_4_0/t0/WWD,proved,125,Z3/selected×2
BridgeAluCtlXor/M1/xor_4_0/t1/WWD,proved,114,Z3/selected×2
BridgeAluCtlXor/M1/xor_4_0/t2/WWD,proved,127,Z3/selected×2
BridgeAluCtlXor/M1/xor_4_0/t3/WWD,proved,141,Z3/selected×2
BridgeAluCtlXor/M1/xor_4_0/t4/WWD,proved,131,Z3/selected×2
BridgeAluCtlXor/M1/xor_4_0/t5/WWD,proved,110,Z3/selected×2
BridgeAluCtlXor/M1/xor_4_0/t6/WWD,proved,113,Z3/selected×2
BridgeAluCtlXor/M1/xor_4_0/t7/WWD,proved,147,Z3/selected×2
BridgeAluCtlXor/M1/xor_4_0/t8/WWD,proved,115,Z3/selected×2
BridgeAluCtlXor/M1/xor_4_0/t9/WWD,proved,136,Z3/selected×2
BridgeAluCtlXor/M1/xor_4_0/t10/WWD,proved,114,Z3/selected×2
BridgeAluCtlXor/M1/xor_4_0/t11/WWD,proved,112,Z3/selected×2
BridgeAluCtlXor/M1/xor_4_0/t12/WWD,proved,114,Z3/selected×2
BridgeAluCtlXor/M1/xor_4_0/t13/WWD,proved,124,Z3/selected×2
BridgeAluCtlXor/M1/xor_4_0/t14/WWD,proved,113,Z3/selected×2
BridgeAluCtlXor/M1/xor_4_0/t15/WWD,proved,122,Z3/selected×2
BridgeAluCtlXor/M1/xor_4_0/t16/WWD,proved,127,Z3/selected×2
BridgeAluCtlXor/M1/xor_4_0/t17/WWD,proved,115,Z3/selected×2
BridgeAluCtlXor/M1/xor_4_0/t18/WWD,proved,126,Z3/selected×2
BridgeAluCtlXor/M1/xor_4_0/t19/WWD,proved,112,Z3/selected×2
BridgeAluCtlXor/M1/xor_4_0/t20/WWD,proved,113,Z3/selected×2
BridgeAluCtlXor/M1/xor_4_0/t21/WWD,proved,115,Z3/selected×2
BridgeAluCtlXor/M1/xor_4_0/t22/WWD,proved,114,Z3/selected×2
BridgeAluCtlXor/M1/xor_4_0/t23/WWD,proved,125,Z3/selected×2
BridgeAluCtlXor/M1/xor_4_0/t24/WWD,proved,116,Z3/selected×2
BridgeAluCtlXor/M1/xor_4_0/t25/WWD,proved,119,Z3/selected×2
BridgeAluCtlXor/M1/xor_4_0/t26/WWD,proved,131,Z3/selected×2
BridgeAluCtlXor/M1/xor_4_0/t27/WWD,proved,134,Z3/selected×2
BridgeAluCtlXor/M1/xor_4_0/t28/WWD,proved,123,Z3/selected×2
BridgeAluCtlXor/M1/xor_4_0/t29/WWD,proved,129,Z3/selected×2
BridgeAluCtlXor/M1/xor_4_0/t30/WWD,proved,159,Z3/selected×2
BridgeAluCtlXor/M1/xor_4_0/t31/WWD,proved,116,Z3/selected×2
BridgeAluCtlXor/M1/xor_4_0/op/GRD,proved,55,rodin
BridgeAluCtlXor/M1/xor_4_0/xor_bits/GRD,proved,8552,Z3/selected×160
BridgeAluCtlXor/M1/xor_4_0/act1/WD,proved,139,Z3/selected×2
BridgeAluCtlXor/M1/xor_4_0/act1/SIM,open,42065,
BridgeAluCtlXor/M1/xor_4_1/r0/WWD,proved,124,Z3/selected×2
BridgeAluCtlXor/M1/xor_4_1/r1/WWD,proved,157,Z3/selected×2
BridgeAluCtlXor/M1/xor_4_1/r2/WWD,proved,151,Z3/selected×2
BridgeAluCtlXor/M1/xor_4_1/r3/WWD,proved,157,Z3/selected×2
BridgeAluCtlXor/M1/xor_4_1/r4/WWD,proved,135,Z3/selected×2
BridgeAluCtlXor/M1/xor_4_1/r5/WWD,proved,155,Z3/selected×2
BridgeAluCtlXor/M1/xor_4_1/r6/WWD,proved,135,Z3/selected×2
BridgeAluCtlXor/M1/xor_4_1/r7/WWD,proved,123,Z3/selected×2
BridgeAluCtlXor/M1/xor_4_1/r8/WWD,proved,123,Z3/selected×2
BridgeAluCtlXor/M1/xor_4_1/r9/WWD,proved,121,Z3/selected×2
BridgeAluCtlXor/M1/xor_4_1/r10/WWD,proved,124,Z3/selected×2
BridgeAluCtlXor/M1/xor_4_1/r11/WWD,proved,145,Z3/selected×2
BridgeAluCtlXor/M1/xor_4_1/r12/WWD,proved,120,Z3/selected×2
BridgeAluCtlXor/M1/xor_4_1/r13/WWD,proved,129,Z3/selected×2
BridgeAluCtlXor/M1/xor_4_1/r14/WWD,proved,129,Z3/selected×2
BridgeAluCtlXor/M1/xor_4_1/r15/WWD,proved,122,Z3/selected×2
BridgeAluCtlXor/M1/xor_4_1/r16/WWD,proved,144,Z3/selected×2
BridgeAluCtlXor/M1/xor_4_1/r17/WWD,proved,125,Z3/selected×2
BridgeAluCtlXor/M1/xor_4_1/r18/WWD,proved,125,Z3/selected×2
BridgeAluCtlXor/M1/xor_4_1/r19/WWD,proved,118,Z3/selected×2
BridgeAluCtlXor/M1/xor_4_1/r20/WWD,proved,129,Z3/selected×2
BridgeAluCtlXor/M1/xor_4_1/r21/WWD,proved,124,Z3/selected×2
BridgeAluCtlXor/M1/xor_4_1/r22/WWD,proved,132,Z3/selected×2
BridgeAluCtlXor/M1/xor_4_1/r23/WWD,proved,146,Z3/selected×2
BridgeAluCtlXor/M1/xor_4_1/r24/WWD,proved,152,Z3/selected×2
BridgeAluCtlXor/M1/xor_4_1/r25/WWD,proved,134,Z3/selected×2
BridgeAluCtlXor/M1/xor_4_1/r26/WWD,proved,116,Z3/selected×2
BridgeAluCtlXor/M1/xor_4_1/r27/WWD,proved,121,Z3/selected×2
BridgeAluCtlXor/M1/xor_4_1/r28/WWD,proved,118,Z3/selected×2
BridgeAluCtlXor/M1/xor_4_1/r29/WWD,proved,121,Z3/selected×2
BridgeAluCtlXor/M1/xor_4_1/r30/WWD,proved,123,Z3/selected×2
BridgeAluCtlXor/M1/xor_4_1/r31/WWD,proved,122,Z3/selected×2
BridgeAluCtlXor/M1/xor_4_1/t0/WWD,proved,131,Z3/selected×2
BridgeAluCtlXor/M1/xor_4_1/t1/WWD,proved,119,Z3/selected×2
BridgeAluCtlXor/M1/xor_4_1/t2/WWD,proved,131,Z3/selected×2
BridgeAluCtlXor/M1/xor_4_1/t3/WWD,proved,121,Z3/selected×2
BridgeAluCtlXor/M1/xor_4_1/t4/WWD,proved,125,Z3/selected×2
BridgeAluCtlXor/M1/xor_4_1/t5/WWD,proved,120,Z3/selected×2
BridgeAluCtlXor/M1/xor_4_1/t6/WWD,proved,115,Z3/selected×2
BridgeAluCtlXor/M1/xor_4_1/t7/WWD,proved,132,Z3/selected×2
BridgeAluCtlXor/M1/xor_4_1/t8/WWD,proved,116,Z3/selected×2
BridgeAluCtlXor/M1/xor_4_1/t9/WWD,proved,125,Z3/selected×2
BridgeAluCtlXor/M1/xor_4_1/t10/WWD,proved,143,Z3/selected×2
BridgeAluCtlXor/M1/xor_4_1/t11/WWD,proved,120,Z3/selected×2
BridgeAluCtlXor/M1/xor_4_1/t12/WWD,proved,120,Z3/selected×2
BridgeAluCtlXor/M1/xor_4_1/t13/WWD,proved,118,Z3/selected×2
BridgeAluCtlXor/M1/xor_4_1/t14/WWD,proved,141,Z3/selected×2
BridgeAluCtlXor/M1/xor_4_1/t15/WWD,proved,119,Z3/selected×2
BridgeAluCtlXor/M1/xor_4_1/t16/WWD,proved,130,Z3/selected×2
BridgeAluCtlXor/M1/xor_4_1/t17/WWD,proved,126,Z3/selected×2
BridgeAluCtlXor/M1/xor_4_1/t18/WWD,proved,124,Z3/selected×2
BridgeAluCtlXor/M1/xor_4_1/t19/WWD,proved,125,Z3/selected×2
BridgeAluCtlXor/M1/xor_4_1/t20/WWD,proved,112,Z3/selected×2
BridgeAluCtlXor/M1/xor_4_1/t21/WWD,proved,130,Z3/selected×2
BridgeAluCtlXor/M1/xor_4_1/t22/WWD,proved,112,Z3/selected×2
BridgeAluCtlXor/M1/xor_4_1/t23/WWD,proved,111,Z3/selected×2
BridgeAluCtlXor/M1/xor_4_1/t24/WWD,proved,124,Z3/selected×2
BridgeAluCtlXor/M1/xor_4_1/t25/WWD,proved,115,Z3/selected×2
BridgeAluCtlXor/M1/xor_4_1/t26/WWD,proved,124,Z3/selected×2
BridgeAluCtlXor/M1/xor_4_1/t27/WWD,proved,128,Z3/selected×2
BridgeAluCtlXor/M1/xor_4_1/t28/WWD,proved,124,Z3/selected×2
BridgeAluCtlXor/M1/xor_4_1/t29/WWD,proved,131,Z3/selected×2
BridgeAluCtlXor/M1/xor_4_1/t30/WWD,proved,124,Z3/selected×2
BridgeAluCtlXor/M1/xor_4_1/t31/WWD,proved,119,Z3/selected×2
BridgeAluCtlXor/M1/xor_4_1/op/GRD,proved,52,rodin
BridgeAluCtlXor/M1/xor_4_1/xor_bits/GRD,proved,8910,Z3/selected×160
BridgeAluCtlXor/M1/xor_4_1/act1/WD,proved,136,Z3/selected×2
BridgeAluCtlXor/M1/xor_4_1/act1/SIM,open,42064,
BridgeAluCtlXor/M1/sra_5_1/act1/WD,proved,1488,Z3/selected×62
BridgeAluCtlXor/M1/sra_5_1/act1/SIM,proved,493,Z3/selected
BridgeAluCtlXor/M1/or_6_0/op/GRD,proved,38,rodin
BridgeAluCtlXor/M1/or_6_1/op/GRD,proved,29,rodin
BridgeAluCtlXor/M1/and_7_0/op/GRD,proved,24,rodin
BridgeAluCtlXor/M1/and_7_1/op/GRD,proved,24,rodin
