Slice_wrap6/M0/INITIALISATION/turn_type/INV,proved,5,rodin
Slice_wrap6/M0/INITIALISATION/val_type/INV,proved,1,rodin
Slice_wrap6/M0/INITIALISATION/init_turn/FIS,proved,1,rodin
Slice_wrap6/M0/INITIALISATION/init_val/FIS,proved,1,rodin
Slice_wrap6/M0/reset/turn_type/INV,proved,381,Z3/quick
Slice_wrap6/M0/reset/val_type/INV,proved,25,Z3/quick
Slice_wrap6/M0/step/next/WD,proved,15,Z3/quick×2
Slice_wrap6/M0/step/thread/THM,proved,219,Z3/all
Slice_wrap6/M0/step/turn_type/INV,proved,3,rodin
Slice_wrap6/M0/step/val_type/INV,proved,121,Z3/quick
Slice_wrap6/M0/step/own/WD,proved,864,Z3/quick split(turn)
Slice_wrap6/M1/INITIALISATION/val'/WFIS,proved,1226,split(rot')
Slice_wrap6/M1/INITIALISATION/rot_type/INV,proved,2,rodin
Slice_wrap6/M1/INITIALISATION/f_rec_type/INV,proved,2,rodin
Slice_wrap6/M1/INITIALISATION/x_rec_type/INV,proved,2,rodin
Slice_wrap6/M1/INITIALISATION/d_rec_type/INV,proved,1,rodin
Slice_wrap6/M1/INITIALISATION/r_rec_type/INV,proved,2,rodin
Slice_wrap6/M1/INITIALISATION/e_rec_type/INV,proved,2,rodin
Slice_wrap6/M1/INITIALISATION/m1_rec_type/INV,proved,2,rodin
Slice_wrap6/M1/INITIALISATION/m2_rec_type/INV,proved,1,rodin
Slice_wrap6/M1/INITIALISATION/w_rec_type/INV,proved,1,rodin
Slice_wrap6/M1/INITIALISATION/turn_rot/INV,proved,2,rodin
Slice_wrap6/M1/INITIALISATION/where_0/INV,proved,5,rodin
Slice_wrap6/M1/INITIALISATION/where_1/INV,proved,4,rodin
Slice_wrap6/M1/INITIALISATION/where_2/INV,proved,4,rodin
Slice_wrap6/M1/INITIALISATION/where_3/INV,proved,4,rodin
Slice_wrap6/M1/INITIALISATION/where_4/INV,proved,4,rodin
Slice_wrap6/M1/INITIALISATION/where_5/INV,proved,4,rodin
Slice_wrap6/M1/INITIALISATION/where_6/INV,proved,5,rodin
Slice_wrap6/M1/INITIALISATION/where_7/INV,proved,4,rodin
Slice_wrap6/M1/INITIALISATION/init_rot/FIS,proved,2,rodin
Slice_wrap6/M1/INITIALISATION/init_f_rec/FIS,proved,2,rodin
Slice_wrap6/M1/INITIALISATION/init_x_rec/FIS,proved,2,rodin
Slice_wrap6/M1/INITIALISATION/init_d_rec/FIS,proved,2,rodin
Slice_wrap6/M1/INITIALISATION/init_r_rec/FIS,proved,2,rodin
Slice_wrap6/M1/INITIALISATION/init_e_rec/FIS,proved,2,rodin
Slice_wrap6/M1/INITIALISATION/init_m1_rec/FIS,proved,2,rodin
Slice_wrap6/M1/INITIALISATION/init_m2_rec/FIS,proved,2,rodin
Slice_wrap6/M1/INITIALISATION/init_w_rec/FIS,proved,2,rodin
Slice_wrap6/M1/INITIALISATION/init_turn/SIM,proved,1,rodin
Slice_wrap6/M1/INITIALISATION/init_val/SIM,proved,1256,veriT/selected
Slice_wrap6/M1/reset/rot_type/INV,proved,16,Z3/quick
Slice_wrap6/M1/reset/f_rec_type/INV,proved,19,Z3/quick
Slice_wrap6/M1/reset/x_rec_type/INV,proved,11,Z3/quick
Slice_wrap6/M1/reset/d_rec_type/INV,proved,12,Z3/quick
Slice_wrap6/M1/reset/r_rec_type/INV,proved,12,Z3/quick
Slice_wrap6/M1/reset/e_rec_type/INV,proved,14,Z3/quick
Slice_wrap6/M1/reset/m1_rec_type/INV,proved,10,Z3/quick
Slice_wrap6/M1/reset/m2_rec_type/INV,proved,11,Z3/quick
Slice_wrap6/M1/reset/w_rec_type/INV,proved,11,Z3/quick
Slice_wrap6/M1/reset/turn_rot/INV,proved,2,rodin
Slice_wrap6/M1/reset/where_0/INV,proved,13,Z3/quick
Slice_wrap6/M1/reset/where_1/INV,proved,2,rodin
Slice_wrap6/M1/reset/where_2/INV,proved,2,rodin
Slice_wrap6/M1/reset/where_3/INV,proved,2,rodin
Slice_wrap6/M1/reset/where_4/INV,proved,2,rodin
Slice_wrap6/M1/reset/where_5/INV,proved,2,rodin
Slice_wrap6/M1/reset/where_6/INV,proved,2,rodin
Slice_wrap6/M1/reset/where_7/INV,proved,2,rodin
Slice_wrap6/M1/clock/t/WWD,proved,14,Z3/quick×2
Slice_wrap6/M1/clock/rot_type/INV,proved,25,Z3/quick
Slice_wrap6/M1/clock/f_rec_type/INV,proved,103,Z3/all
Slice_wrap6/M1/clock/x_rec_type/INV,proved,3,rodin
Slice_wrap6/M1/clock/d_rec_type/INV,proved,2,rodin
Slice_wrap6/M1/clock/r_rec_type/INV,proved,2,rodin
Slice_wrap6/M1/clock/e_rec_type/INV,proved,2,rodin
Slice_wrap6/M1/clock/m1_rec_type/INV,proved,2,rodin
Slice_wrap6/M1/clock/m2_rec_type/INV,proved,2,rodin
Slice_wrap6/M1/clock/w_rec_type/INV,proved,2,rodin
Slice_wrap6/M1/clock/turn_rot/INV,proved,4,rodin
Slice_wrap6/M1/clock/where_0/INV,proved,2439,split(rot)
Slice_wrap6/M1/clock/where_1/INV,proved,2446,split(rot)
Slice_wrap6/M1/clock/where_2/INV,proved,2461,split(rot)
Slice_wrap6/M1/clock/where_3/INV,proved,2436,split(rot)
Slice_wrap6/M1/clock/where_4/INV,proved,2422,split(rot)
Slice_wrap6/M1/clock/where_5/INV,proved,2473,split(rot)
Slice_wrap6/M1/clock/where_6/INV,proved,2429,split(rot)
Slice_wrap6/M1/clock/where_7/INV,proved,2987,split(rot)
Slice_wrap6/M1/clock/next/GRD,proved,108,veriT/all
Slice_wrap6/M1/clock/rot/WD,proved,11,Z3/quick×2
Slice_wrap6/M1/clock/f_rec/WD,proved,11,Z3/quick×2
Slice_wrap6/M2/INITIALISATION/d_rec_width/INV,proved,4,rodin
Slice_wrap6/M2/INITIALISATION/e_rec_width/INV,proved,1,rodin
Slice_wrap6/M2/INITIALISATION/f_rec_width/INV,proved,1,rodin
Slice_wrap6/M2/INITIALISATION/m1_rec_width/INV,proved,0,rodin
Slice_wrap6/M2/INITIALISATION/m2_rec_width/INV,proved,0,rodin
Slice_wrap6/M2/INITIALISATION/r_rec_width/INV,proved,1,rodin
Slice_wrap6/M2/INITIALISATION/rot_width/INV,proved,1,rodin
Slice_wrap6/M2/INITIALISATION/w_rec_width/INV,proved,1,rodin
Slice_wrap6/M2/INITIALISATION/x_rec_width/INV,proved,1,rodin
Slice_wrap6/M2/reset/d_rec_width/INV,proved,11,Z3/quick
Slice_wrap6/M2/reset/e_rec_width/INV,proved,13,Z3/quick
Slice_wrap6/M2/reset/f_rec_width/INV,proved,12,Z3/quick
Slice_wrap6/M2/reset/m1_rec_width/INV,proved,11,Z3/quick
Slice_wrap6/M2/reset/m2_rec_width/INV,proved,9,Z3/quick
Slice_wrap6/M2/reset/r_rec_width/INV,proved,10,Z3/quick
Slice_wrap6/M2/reset/rot_width/INV,proved,13,Z3/quick
Slice_wrap6/M2/reset/w_rec_width/INV,proved,15,Z3/quick
Slice_wrap6/M2/reset/x_rec_width/INV,proved,8,Z3/quick
Slice_wrap6/M2/reset/d_rec/WD,proved,10,Z3/quick
Slice_wrap6/M2/reset/e_rec/WD,proved,9,Z3/quick
Slice_wrap6/M2/reset/f_rec/WD,proved,39,Z3/quick×3
Slice_wrap6/M2/reset/m1_rec/WD,proved,22,Z3/quick
Slice_wrap6/M2/reset/m2_rec/WD,proved,9,Z3/quick
Slice_wrap6/M2/reset/r_rec/WD,proved,8,Z3/quick
Slice_wrap6/M2/reset/rot/WD,proved,34,Z3/quick×7
Slice_wrap6/M2/reset/w_rec/WD,proved,9,Z3/quick
Slice_wrap6/M2/reset/x_rec/WD,proved,10,Z3/quick
Slice_wrap6/M2/reset/reset_rot/SIM,proved,12,Z3/quick
Slice_wrap6/M2/reset/reset_f_rec/SIM,proved,2,rodin
Slice_wrap6/M2/reset/reset_x_rec/SIM,proved,2,rodin
Slice_wrap6/M2/reset/reset_d_rec/SIM,proved,2,rodin
Slice_wrap6/M2/reset/reset_r_rec/SIM,proved,2,rodin
Slice_wrap6/M2/reset/reset_e_rec/SIM,proved,1,rodin
Slice_wrap6/M2/reset/reset_m1_rec/SIM,proved,2,rodin
Slice_wrap6/M2/reset/reset_m2_rec/SIM,proved,1,rodin
Slice_wrap6/M2/reset/reset_w_rec/SIM,proved,1,rodin
Slice_wrap6/M2/clock/d_rec_width/INV,proved,2,rodin
Slice_wrap6/M2/clock/e_rec_width/INV,proved,2,rodin
Slice_wrap6/M2/clock/f_rec_width/INV,proved,82,veriT/all
Slice_wrap6/M2/clock/m1_rec_width/INV,proved,2,rodin
Slice_wrap6/M2/clock/m2_rec_width/INV,proved,1,rodin
Slice_wrap6/M2/clock/r_rec_width/INV,proved,2,rodin
Slice_wrap6/M2/clock/rot_width/INV,proved,13,Z3/quick
Slice_wrap6/M2/clock/w_rec_width/INV,proved,2,rodin
Slice_wrap6/M2/clock/x_rec_width/INV,proved,2,rodin
Slice_wrap6/M2/clock/d_rec/WD,proved,10,Z3/quick
Slice_wrap6/M2/clock/e_rec/WD,proved,16,Z3/quick
Slice_wrap6/M2/clock/f_rec/WD,proved,20,Z3/quick×3
Slice_wrap6/M2/clock/m1_rec/WD,proved,9,Z3/quick
Slice_wrap6/M2/clock/m2_rec/WD,proved,9,Z3/quick
Slice_wrap6/M2/clock/r_rec/WD,proved,9,Z3/quick
Slice_wrap6/M2/clock/rot/WD,proved,38,Z3/quick×7
Slice_wrap6/M2/clock/w_rec/WD,proved,10,Z3/quick
Slice_wrap6/M2/clock/x_rec/WD,proved,11,Z3/quick
Slice_wrap6/M2/clock/rot/SIM,open,6089,
Slice_wrap6/M2/clock/f_rec/SIM,proved,5,rodin
Slice_wrap6/M2/clock/x_rec/SIM,proved,6,rodin
Slice_wrap6/M2/clock/d_rec/SIM,proved,2,rodin
Slice_wrap6/M2/clock/r_rec/SIM,proved,2,rodin
Slice_wrap6/M2/clock/e_rec/SIM,proved,2,rodin
Slice_wrap6/M2/clock/m1_rec/SIM,proved,1,rodin
Slice_wrap6/M2/clock/m2_rec/SIM,proved,2,rodin
Slice_wrap6/M2/clock/w_rec/SIM,proved,1,rodin
Slice_wrongrec/M0/INITIALISATION/turn_type/INV,proved,11,rodin
Slice_wrongrec/M0/INITIALISATION/val_type/INV,proved,1,rodin
Slice_wrongrec/M0/INITIALISATION/init_turn/FIS,proved,0,rodin
Slice_wrongrec/M0/INITIALISATION/init_val/FIS,proved,0,rodin
Slice_wrongrec/M0/reset/turn_type/INV,proved,10,Z3/quick
Slice_wrongrec/M0/reset/val_type/INV,proved,14,Z3/quick
Slice_wrongrec/M0/step/next/WD,proved,10,Z3/quick×2
Slice_wrongrec/M0/step/thread/THM,proved,130,CVC4/all
Slice_wrongrec/M0/step/turn_type/INV,proved,1,rodin
Slice_wrongrec/M0/step/val_type/INV,proved,94,Z3/quick
Slice_wrongrec/M0/step/own/WD,proved,820,Z3/quick split(turn)
Slice_wrongrec/M1/INITIALISATION/val'/WFIS,proved,1190,split(rot')
Slice_wrongrec/M1/INITIALISATION/rot_type/INV,proved,1,rodin
Slice_wrongrec/M1/INITIALISATION/f_rec_type/INV,proved,0,rodin
Slice_wrongrec/M1/INITIALISATION/x_rec_type/INV,proved,0,rodin
Slice_wrongrec/M1/INITIALISATION/d_rec_type/INV,proved,1,rodin
Slice_wrongrec/M1/INITIALISATION/r_rec_type/INV,proved,1,rodin
Slice_wrongrec/M1/INITIALISATION/e_rec_type/INV,proved,1,rodin
Slice_wrongrec/M1/INITIALISATION/m1_rec_type/INV,proved,1,rodin
Slice_wrongrec/M1/INITIALISATION/m2_rec_type/INV,proved,1,rodin
Slice_wrongrec/M1/INITIALISATION/w_rec_type/INV,proved,1,rodin
Slice_wrongrec/M1/INITIALISATION/turn_rot/INV,proved,1,rodin
Slice_wrongrec/M1/INITIALISATION/where_0/INV,proved,3,rodin
Slice_wrongrec/M1/INITIALISATION/where_1/INV,proved,3,rodin
Slice_wrongrec/M1/INITIALISATION/where_2/INV,proved,2,rodin
Slice_wrongrec/M1/INITIALISATION/where_3/INV,proved,2,rodin
Slice_wrongrec/M1/INITIALISATION/where_4/INV,proved,3,rodin
Slice_wrongrec/M1/INITIALISATION/where_5/INV,proved,2,rodin
Slice_wrongrec/M1/INITIALISATION/where_6/INV,proved,2,rodin
Slice_wrongrec/M1/INITIALISATION/where_7/INV,proved,3,rodin
Slice_wrongrec/M1/INITIALISATION/init_rot/FIS,proved,1,rodin
Slice_wrongrec/M1/INITIALISATION/init_f_rec/FIS,proved,2,rodin
Slice_wrongrec/M1/INITIALISATION/init_x_rec/FIS,proved,2,rodin
Slice_wrongrec/M1/INITIALISATION/init_d_rec/FIS,proved,1,rodin
Slice_wrongrec/M1/INITIALISATION/init_r_rec/FIS,proved,1,rodin
Slice_wrongrec/M1/INITIALISATION/init_e_rec/FIS,proved,1,rodin
Slice_wrongrec/M1/INITIALISATION/init_m1_rec/FIS,proved,1,rodin
Slice_wrongrec/M1/INITIALISATION/init_m2_rec/FIS,proved,1,rodin
Slice_wrongrec/M1/INITIALISATION/init_w_rec/FIS,proved,1,rodin
Slice_wrongrec/M1/INITIALISATION/init_turn/SIM,proved,1,rodin
Slice_wrongrec/M1/INITIALISATION/init_val/SIM,proved,1087,veriT/selected
Slice_wrongrec/M1/reset/rot_type/INV,proved,14,Z3/quick
Slice_wrongrec/M1/reset/f_rec_type/INV,proved,12,Z3/quick
Slice_wrongrec/M1/reset/x_rec_type/INV,proved,10,Z3/quick
Slice_wrongrec/M1/reset/d_rec_type/INV,proved,15,Z3/quick
Slice_wrongrec/M1/reset/r_rec_type/INV,proved,12,Z3/quick
Slice_wrongrec/M1/reset/e_rec_type/INV,proved,12,Z3/quick
Slice_wrongrec/M1/reset/m1_rec_type/INV,proved,10,Z3/quick
Slice_wrongrec/M1/reset/m2_rec_type/INV,proved,10,Z3/quick
Slice_wrongrec/M1/reset/w_rec_type/INV,proved,10,Z3/quick
Slice_wrongrec/M1/reset/turn_rot/INV,proved,2,rodin
Slice_wrongrec/M1/reset/where_0/INV,proved,15,Z3/quick
Slice_wrongrec/M1/reset/where_1/INV,proved,2,rodin
Slice_wrongrec/M1/reset/where_2/INV,proved,2,rodin
Slice_wrongrec/M1/reset/where_3/INV,proved,2,rodin
Slice_wrongrec/M1/reset/where_4/INV,proved,2,rodin
Slice_wrongrec/M1/reset/where_5/INV,proved,3,rodin
Slice_wrongrec/M1/reset/where_6/INV,proved,3,rodin
Slice_wrongrec/M1/reset/where_7/INV,proved,3,rodin
Slice_wrongrec/M1/clock/t/WWD,proved,18,Z3/quick×2
Slice_wrongrec/M1/clock/rot_type/INV,proved,13,Z3/quick
Slice_wrongrec/M1/clock/f_rec_type/INV,proved,90,Z3/all
Slice_wrongrec/M1/clock/x_rec_type/INV,proved,1,rodin
Slice_wrongrec/M1/clock/d_rec_type/INV,proved,1,rodin
Slice_wrongrec/M1/clock/r_rec_type/INV,proved,1,rodin
Slice_wrongrec/M1/clock/e_rec_type/INV,proved,1,rodin
Slice_wrongrec/M1/clock/m1_rec_type/INV,proved,1,rodin
Slice_wrongrec/M1/clock/m2_rec_type/INV,proved,1,rodin
Slice_wrongrec/M1/clock/w_rec_type/INV,proved,1,rodin
Slice_wrongrec/M1/clock/turn_rot/INV,proved,1,rodin
Slice_wrongrec/M1/clock/where_0/INV,proved,2414,split(rot)
Slice_wrongrec/M1/clock/where_1/INV,proved,2415,split(rot)
Slice_wrongrec/M1/clock/where_2/INV,proved,2397,split(rot)
Slice_wrongrec/M1/clock/where_3/INV,proved,2405,split(rot)
Slice_wrongrec/M1/clock/where_4/INV,proved,2405,split(rot)
Slice_wrongrec/M1/clock/where_5/INV,proved,2454,split(rot)
Slice_wrongrec/M1/clock/where_6/INV,proved,2405,split(rot)
Slice_wrongrec/M1/clock/where_7/INV,proved,2835,split(rot)
Slice_wrongrec/M1/clock/next/GRD,proved,74,veriT/all
Slice_wrongrec/M1/clock/rot/WD,proved,10,Z3/quick×2
Slice_wrongrec/M1/clock/f_rec/WD,proved,10,Z3/quick×2
Slice_wrongrec/M2/INITIALISATION/d_rec_width/INV,proved,4,rodin
Slice_wrongrec/M2/INITIALISATION/e_rec_width/INV,proved,0,rodin
Slice_wrongrec/M2/INITIALISATION/f_rec_width/INV,proved,0,rodin
Slice_wrongrec/M2/INITIALISATION/m1_rec_width/INV,proved,0,rodin
Slice_wrongrec/M2/INITIALISATION/m2_rec_width/INV,proved,0,rodin
Slice_wrongrec/M2/INITIALISATION/r_rec_width/INV,proved,0,rodin
Slice_wrongrec/M2/INITIALISATION/rot_width/INV,proved,0,rodin
Slice_wrongrec/M2/INITIALISATION/w_rec_width/INV,proved,0,rodin
Slice_wrongrec/M2/INITIALISATION/x_rec_width/INV,proved,0,rodin
Slice_wrongrec/M2/reset/d_rec_width/INV,proved,9,Z3/quick
Slice_wrongrec/M2/reset/e_rec_width/INV,proved,9,Z3/quick
Slice_wrongrec/M2/reset/f_rec_width/INV,proved,12,Z3/quick
Slice_wrongrec/M2/reset/m1_rec_width/INV,proved,9,Z3/quick
Slice_wrongrec/M2/reset/m2_rec_width/INV,proved,10,Z3/quick
Slice_wrongrec/M2/reset/r_rec_width/INV,proved,9,Z3/quick
Slice_wrongrec/M2/reset/rot_width/INV,proved,12,Z3/quick
Slice_wrongrec/M2/reset/w_rec_width/INV,proved,9,Z3/quick
Slice_wrongrec/M2/reset/x_rec_width/INV,proved,9,Z3/quick
Slice_wrongrec/M2/reset/d_rec/WD,proved,10,Z3/quick
Slice_wrongrec/M2/reset/e_rec/WD,proved,10,Z3/quick
Slice_wrongrec/M2/reset/f_rec/WD,proved,19,Z3/quick×3
Slice_wrongrec/M2/reset/m1_rec/WD,proved,11,Z3/quick
Slice_wrongrec/M2/reset/m2_rec/WD,proved,9,Z3/quick
Slice_wrongrec/M2/reset/r_rec/WD,proved,10,Z3/quick
Slice_wrongrec/M2/reset/rot/WD,proved,42,Z3/quick×7
Slice_wrongrec/M2/reset/w_rec/WD,proved,11,Z3/quick
Slice_wrongrec/M2/reset/x_rec/WD,proved,11,Z3/quick
Slice_wrongrec/M2/reset/reset_rot/SIM,proved,14,Z3/quick
Slice_wrongrec/M2/reset/reset_f_rec/SIM,proved,3,rodin
Slice_wrongrec/M2/reset/reset_x_rec/SIM,proved,2,rodin
Slice_wrongrec/M2/reset/reset_d_rec/SIM,proved,3,rodin
Slice_wrongrec/M2/reset/reset_r_rec/SIM,proved,3,rodin
Slice_wrongrec/M2/reset/reset_e_rec/SIM,proved,3,rodin
Slice_wrongrec/M2/reset/reset_m1_rec/SIM,proved,2,rodin
Slice_wrongrec/M2/reset/reset_m2_rec/SIM,proved,3,rodin
Slice_wrongrec/M2/reset/reset_w_rec/SIM,proved,3,rodin
Slice_wrongrec/M2/clock/d_rec_width/INV,proved,2,rodin
Slice_wrongrec/M2/clock/e_rec_width/INV,proved,2,rodin
Slice_wrongrec/M2/clock/f_rec_width/INV,proved,77,Z3/all
Slice_wrongrec/M2/clock/m1_rec_width/INV,proved,2,rodin
Slice_wrongrec/M2/clock/m2_rec_width/INV,proved,1,rodin
Slice_wrongrec/M2/clock/r_rec_width/INV,proved,1,rodin
Slice_wrongrec/M2/clock/rot_width/INV,proved,11,Z3/quick
Slice_wrongrec/M2/clock/w_rec_width/INV,proved,1,rodin
Slice_wrongrec/M2/clock/x_rec_width/INV,proved,1,rodin
Slice_wrongrec/M2/clock/d_rec/WD,proved,9,Z3/quick
Slice_wrongrec/M2/clock/e_rec/WD,proved,9,Z3/quick
Slice_wrongrec/M2/clock/f_rec/WD,proved,19,Z3/quick×3
Slice_wrongrec/M2/clock/m1_rec/WD,proved,8,Z3/quick
Slice_wrongrec/M2/clock/m2_rec/WD,proved,9,Z3/quick
Slice_wrongrec/M2/clock/r_rec/WD,proved,9,Z3/quick
Slice_wrongrec/M2/clock/rot/WD,proved,38,Z3/quick×7
Slice_wrongrec/M2/clock/w_rec/WD,proved,9,Z3/quick
Slice_wrongrec/M2/clock/x_rec/WD,proved,10,Z3/quick
Slice_wrongrec/M2/clock/rot/SIM,proved,95,veriT/all
Slice_wrongrec/M2/clock/f_rec/SIM,open,6058,
Slice_wrongrec/M2/clock/x_rec/SIM,proved,3,rodin
Slice_wrongrec/M2/clock/d_rec/SIM,proved,2,rodin
Slice_wrongrec/M2/clock/r_rec/SIM,proved,2,rodin
Slice_wrongrec/M2/clock/e_rec/SIM,proved,2,rodin
Slice_wrongrec/M2/clock/m1_rec/SIM,proved,2,rodin
Slice_wrongrec/M2/clock/m2_rec/SIM,proved,2,rodin
Slice_wrongrec/M2/clock/w_rec/SIM,proved,2,rodin
Slice_reset/M0/INITIALISATION/turn_type/INV,proved,2,rodin
Slice_reset/M0/INITIALISATION/val_type/INV,proved,0,rodin
Slice_reset/M0/INITIALISATION/init_turn/FIS,proved,0,rodin
Slice_reset/M0/INITIALISATION/init_val/FIS,proved,0,rodin
Slice_reset/M0/reset/turn_type/INV,proved,11,Z3/quick
Slice_reset/M0/reset/val_type/INV,proved,18,Z3/quick
Slice_reset/M0/step/next/WD,proved,10,Z3/quick×2
Slice_reset/M0/step/thread/THM,proved,92,veriT/all
Slice_reset/M0/step/turn_type/INV,proved,1,rodin
Slice_reset/M0/step/val_type/INV,proved,100,Z3/quick
Slice_reset/M0/step/own/WD,proved,468,Z3/quick split(turn)
Slice_reset/M1/INITIALISATION/val'/WFIS,proved,1178,split(rot')
Slice_reset/M1/INITIALISATION/rot_type/INV,proved,1,rodin
Slice_reset/M1/INITIALISATION/f_rec_type/INV,proved,1,rodin
Slice_reset/M1/INITIALISATION/x_rec_type/INV,proved,0,rodin
Slice_reset/M1/INITIALISATION/d_rec_type/INV,proved,0,rodin
Slice_reset/M1/INITIALISATION/r_rec_type/INV,proved,0,rodin
Slice_reset/M1/INITIALISATION/e_rec_type/INV,proved,0,rodin
Slice_reset/M1/INITIALISATION/m1_rec_type/INV,proved,0,rodin
Slice_reset/M1/INITIALISATION/m2_rec_type/INV,proved,1,rodin
Slice_reset/M1/INITIALISATION/w_rec_type/INV,proved,0,rodin
Slice_reset/M1/INITIALISATION/turn_rot/INV,proved,0,rodin
Slice_reset/M1/INITIALISATION/where_0/INV,proved,2,rodin
Slice_reset/M1/INITIALISATION/where_1/INV,proved,2,rodin
Slice_reset/M1/INITIALISATION/where_2/INV,proved,2,rodin
Slice_reset/M1/INITIALISATION/where_3/INV,proved,1,rodin
Slice_reset/M1/INITIALISATION/where_4/INV,proved,1,rodin
Slice_reset/M1/INITIALISATION/where_5/INV,proved,2,rodin
Slice_reset/M1/INITIALISATION/where_6/INV,proved,2,rodin
Slice_reset/M1/INITIALISATION/where_7/INV,proved,2,rodin
Slice_reset/M1/INITIALISATION/init_rot/FIS,proved,1,rodin
Slice_reset/M1/INITIALISATION/init_f_rec/FIS,proved,1,rodin
Slice_reset/M1/INITIALISATION/init_x_rec/FIS,proved,1,rodin
Slice_reset/M1/INITIALISATION/init_d_rec/FIS,proved,1,rodin
Slice_reset/M1/INITIALISATION/init_r_rec/FIS,proved,0,rodin
Slice_reset/M1/INITIALISATION/init_e_rec/FIS,proved,0,rodin
Slice_reset/M1/INITIALISATION/init_m1_rec/FIS,proved,0,rodin
Slice_reset/M1/INITIALISATION/init_m2_rec/FIS,proved,7,rodin
Slice_reset/M1/INITIALISATION/init_w_rec/FIS,proved,0,rodin
Slice_reset/M1/INITIALISATION/init_turn/SIM,proved,0,rodin
Slice_reset/M1/INITIALISATION/init_val/SIM,proved,934,veriT/selected
Slice_reset/M1/reset/rot_type/INV,proved,14,Z3/quick
Slice_reset/M1/reset/f_rec_type/INV,proved,11,Z3/quick
Slice_reset/M1/reset/x_rec_type/INV,proved,11,Z3/quick
Slice_reset/M1/reset/d_rec_type/INV,proved,12,Z3/quick
Slice_reset/M1/reset/r_rec_type/INV,proved,10,Z3/quick
Slice_reset/M1/reset/e_rec_type/INV,proved,14,Z3/quick
Slice_reset/M1/reset/m1_rec_type/INV,proved,9,Z3/quick
Slice_reset/M1/reset/m2_rec_type/INV,proved,9,Z3/quick
Slice_reset/M1/reset/w_rec_type/INV,proved,10,Z3/quick
Slice_reset/M1/reset/turn_rot/INV,proved,2,rodin
Slice_reset/M1/reset/where_0/INV,proved,12,Z3/quick
Slice_reset/M1/reset/where_1/INV,proved,2,rodin
Slice_reset/M1/reset/where_2/INV,proved,2,rodin
Slice_reset/M1/reset/where_3/INV,proved,2,rodin
Slice_reset/M1/reset/where_4/INV,proved,2,rodin
Slice_reset/M1/reset/where_5/INV,proved,2,rodin
Slice_reset/M1/reset/where_6/INV,proved,2,rodin
Slice_reset/M1/reset/where_7/INV,proved,2,rodin
Slice_reset/M1/clock/t/WWD,proved,13,Z3/quick×2
Slice_reset/M1/clock/rot_type/INV,proved,13,Z3/quick
Slice_reset/M1/clock/f_rec_type/INV,proved,90,veriT/all
Slice_reset/M1/clock/x_rec_type/INV,proved,1,rodin
Slice_reset/M1/clock/d_rec_type/INV,proved,2,rodin
Slice_reset/M1/clock/r_rec_type/INV,proved,1,rodin
Slice_reset/M1/clock/e_rec_type/INV,proved,2,rodin
Slice_reset/M1/clock/m1_rec_type/INV,proved,1,rodin
Slice_reset/M1/clock/m2_rec_type/INV,proved,1,rodin
Slice_reset/M1/clock/w_rec_type/INV,proved,1,rodin
Slice_reset/M1/clock/turn_rot/INV,proved,3,rodin
Slice_reset/M1/clock/where_0/INV,proved,2402,split(rot)
Slice_reset/M1/clock/where_1/INV,proved,2415,split(rot)
Slice_reset/M1/clock/where_2/INV,proved,2420,split(rot)
Slice_reset/M1/clock/where_3/INV,proved,2419,split(rot)
Slice_reset/M1/clock/where_4/INV,proved,2406,split(rot)
Slice_reset/M1/clock/where_5/INV,proved,2457,split(rot)
Slice_reset/M1/clock/where_6/INV,proved,2415,split(rot)
Slice_reset/M1/clock/where_7/INV,proved,2924,split(rot)
Slice_reset/M1/clock/next/GRD,proved,107,Z3/all
Slice_reset/M1/clock/rot/WD,proved,11,Z3/quick×2
Slice_reset/M1/clock/f_rec/WD,proved,11,Z3/quick×2
Slice_reset/M2/INITIALISATION/d_rec_width/INV,proved,4,rodin
Slice_reset/M2/INITIALISATION/e_rec_width/INV,proved,0,rodin
Slice_reset/M2/INITIALISATION/f_rec_width/INV,proved,0,rodin
Slice_reset/M2/INITIALISATION/m1_rec_width/INV,proved,0,rodin
Slice_reset/M2/INITIALISATION/m2_rec_width/INV,proved,0,rodin
Slice_reset/M2/INITIALISATION/r_rec_width/INV,proved,0,rodin
Slice_reset/M2/INITIALISATION/rot_width/INV,proved,0,rodin
Slice_reset/M2/INITIALISATION/w_rec_width/INV,proved,1,rodin
Slice_reset/M2/INITIALISATION/x_rec_width/INV,proved,1,rodin
Slice_reset/M2/reset/d_rec_width/INV,proved,9,Z3/quick
Slice_reset/M2/reset/e_rec_width/INV,proved,9,Z3/quick
Slice_reset/M2/reset/f_rec_width/INV,proved,10,Z3/quick
Slice_reset/M2/reset/m1_rec_width/INV,proved,9,Z3/quick
Slice_reset/M2/reset/m2_rec_width/INV,proved,9,Z3/quick
Slice_reset/M2/reset/r_rec_width/INV,proved,9,Z3/quick
Slice_reset/M2/reset/rot_width/INV,proved,12,Z3/quick
Slice_reset/M2/reset/w_rec_width/INV,proved,8,Z3/quick
Slice_reset/M2/reset/x_rec_width/INV,proved,9,Z3/quick
Slice_reset/M2/reset/d_rec/WD,proved,11,Z3/quick
Slice_reset/M2/reset/e_rec/WD,proved,10,Z3/quick
Slice_reset/M2/reset/f_rec/WD,proved,20,Z3/quick×3
Slice_reset/M2/reset/m1_rec/WD,proved,10,Z3/quick
Slice_reset/M2/reset/m2_rec/WD,proved,10,Z3/quick
Slice_reset/M2/reset/r_rec/WD,proved,9,Z3/quick
Slice_reset/M2/reset/rot/WD,proved,32,Z3/quick×7
Slice_reset/M2/reset/w_rec/WD,proved,8,Z3/quick
Slice_reset/M2/reset/x_rec/WD,proved,8,Z3/quick
Slice_reset/M2/reset/reset_rot/SIM,proved,9,Z3/quick
Slice_reset/M2/reset/reset_f_rec/SIM,open,6047,
Slice_reset/M2/reset/reset_x_rec/SIM,proved,3,rodin
Slice_reset/M2/reset/reset_d_rec/SIM,proved,2,rodin
Slice_reset/M2/reset/reset_r_rec/SIM,proved,2,rodin
Slice_reset/M2/reset/reset_e_rec/SIM,proved,2,rodin
Slice_reset/M2/reset/reset_m1_rec/SIM,proved,7,rodin
Slice_reset/M2/reset/reset_m2_rec/SIM,proved,2,rodin
Slice_reset/M2/reset/reset_w_rec/SIM,proved,2,rodin
Slice_reset/M2/clock/d_rec_width/INV,proved,3,rodin
Slice_reset/M2/clock/e_rec_width/INV,proved,2,rodin
Slice_reset/M2/clock/f_rec_width/INV,proved,84,Z3/all
Slice_reset/M2/clock/m1_rec_width/INV,proved,2,rodin
Slice_reset/M2/clock/m2_rec_width/INV,proved,2,rodin
Slice_reset/M2/clock/r_rec_width/INV,proved,2,rodin
Slice_reset/M2/clock/rot_width/INV,proved,14,Z3/quick
Slice_reset/M2/clock/w_rec_width/INV,proved,2,rodin
Slice_reset/M2/clock/x_rec_width/INV,proved,2,rodin
Slice_reset/M2/clock/d_rec/WD,proved,12,Z3/quick
Slice_reset/M2/clock/e_rec/WD,proved,12,Z3/quick
Slice_reset/M2/clock/f_rec/WD,proved,21,Z3/quick×3
Slice_reset/M2/clock/m1_rec/WD,proved,12,Z3/quick
Slice_reset/M2/clock/m2_rec/WD,proved,11,Z3/quick
Slice_reset/M2/clock/r_rec/WD,proved,10,Z3/quick
Slice_reset/M2/clock/rot/WD,proved,43,Z3/quick×7
Slice_reset/M2/clock/w_rec/WD,proved,10,Z3/quick
Slice_reset/M2/clock/x_rec/WD,proved,10,Z3/quick
Slice_reset/M2/clock/rot/SIM,proved,84,veriT/all
Slice_reset/M2/clock/f_rec/SIM,proved,2,rodin
Slice_reset/M2/clock/x_rec/SIM,proved,1,rodin
Slice_reset/M2/clock/d_rec/SIM,proved,1,rodin
Slice_reset/M2/clock/r_rec/SIM,proved,1,rodin
Slice_reset/M2/clock/e_rec/SIM,proved,1,rodin
Slice_reset/M2/clock/m1_rec/SIM,proved,1,rodin
Slice_reset/M2/clock/m2_rec/SIM,proved,1,rodin
Slice_reset/M2/clock/w_rec/SIM,proved,1,rodin
Slice_control/M0/INITIALISATION/turn_type/INV,proved,1,rodin
Slice_control/M0/INITIALISATION/val_type/INV,proved,0,rodin
Slice_control/M0/INITIALISATION/init_turn/FIS,proved,0,rodin
Slice_control/M0/INITIALISATION/init_val/FIS,proved,0,rodin
Slice_control/M0/reset/turn_type/INV,proved,9,Z3/quick
Slice_control/M0/reset/val_type/INV,proved,12,Z3/quick
Slice_control/M0/step/next/WD,proved,9,Z3/quick×2
Slice_control/M0/step/thread/THM,proved,72,veriT/all
Slice_control/M0/step/turn_type/INV,proved,1,rodin
Slice_control/M0/step/val_type/INV,proved,92,Z3/quick
Slice_control/M0/step/own/WD,proved,473,Z3/quick split(turn)
Slice_control/M1/INITIALISATION/val'/WFIS,proved,1169,split(rot')
Slice_control/M1/INITIALISATION/rot_type/INV,proved,0,rodin
Slice_control/M1/INITIALISATION/f_rec_type/INV,proved,0,rodin
Slice_control/M1/INITIALISATION/x_rec_type/INV,proved,0,rodin
Slice_control/M1/INITIALISATION/d_rec_type/INV,proved,0,rodin
Slice_control/M1/INITIALISATION/r_rec_type/INV,proved,1,rodin
Slice_control/M1/INITIALISATION/e_rec_type/INV,proved,0,rodin
Slice_control/M1/INITIALISATION/m1_rec_type/INV,proved,0,rodin
Slice_control/M1/INITIALISATION/m2_rec_type/INV,proved,0,rodin
Slice_control/M1/INITIALISATION/w_rec_type/INV,proved,0,rodin
Slice_control/M1/INITIALISATION/turn_rot/INV,proved,0,rodin
Slice_control/M1/INITIALISATION/where_0/INV,proved,1,rodin
Slice_control/M1/INITIALISATION/where_1/INV,proved,1,rodin
Slice_control/M1/INITIALISATION/where_2/INV,proved,5,rodin
Slice_control/M1/INITIALISATION/where_3/INV,proved,2,rodin
Slice_control/M1/INITIALISATION/where_4/INV,proved,3,rodin
Slice_control/M1/INITIALISATION/where_5/INV,proved,2,rodin
Slice_control/M1/INITIALISATION/where_6/INV,proved,2,rodin
Slice_control/M1/INITIALISATION/where_7/INV,proved,1,rodin
Slice_control/M1/INITIALISATION/init_rot/FIS,proved,0,rodin
Slice_control/M1/INITIALISATION/init_f_rec/FIS,proved,0,rodin
Slice_control/M1/INITIALISATION/init_x_rec/FIS,proved,0,rodin
Slice_control/M1/INITIALISATION/init_d_rec/FIS,proved,0,rodin
Slice_control/M1/INITIALISATION/init_r_rec/FIS,proved,0,rodin
Slice_control/M1/INITIALISATION/init_e_rec/FIS,proved,0,rodin
Slice_control/M1/INITIALISATION/init_m1_rec/FIS,proved,0,rodin
Slice_control/M1/INITIALISATION/init_m2_rec/FIS,proved,0,rodin
Slice_control/M1/INITIALISATION/init_w_rec/FIS,proved,0,rodin
Slice_control/M1/INITIALISATION/init_turn/SIM,proved,0,rodin
Slice_control/M1/INITIALISATION/init_val/SIM,proved,780,veriT/selected
Slice_control/M1/reset/rot_type/INV,proved,10,Z3/quick
Slice_control/M1/reset/f_rec_type/INV,proved,10,Z3/quick
Slice_control/M1/reset/x_rec_type/INV,proved,11,Z3/quick
Slice_control/M1/reset/d_rec_type/INV,proved,10,Z3/quick
Slice_control/M1/reset/r_rec_type/INV,proved,9,Z3/quick
Slice_control/M1/reset/e_rec_type/INV,proved,9,Z3/quick
Slice_control/M1/reset/m1_rec_type/INV,proved,8,Z3/quick
Slice_control/M1/reset/m2_rec_type/INV,proved,10,Z3/quick
Slice_control/M1/reset/w_rec_type/INV,proved,9,Z3/quick
Slice_control/M1/reset/turn_rot/INV,proved,1,rodin
Slice_control/M1/reset/where_0/INV,proved,12,Z3/quick
Slice_control/M1/reset/where_1/INV,proved,1,rodin
Slice_control/M1/reset/where_2/INV,proved,1,rodin
Slice_control/M1/reset/where_3/INV,proved,1,rodin
Slice_control/M1/reset/where_4/INV,proved,1,rodin
Slice_control/M1/reset/where_5/INV,proved,1,rodin
Slice_control/M1/reset/where_6/INV,proved,1,rodin
Slice_control/M1/reset/where_7/INV,proved,1,rodin
Slice_control/M1/clock/t/WWD,proved,11,Z3/quick×2
Slice_control/M1/clock/rot_type/INV,proved,10,Z3/quick
Slice_control/M1/clock/f_rec_type/INV,proved,90,veriT/all
Slice_control/M1/clock/x_rec_type/INV,proved,2,rodin
Slice_control/M1/clock/d_rec_type/INV,proved,1,rodin
Slice_control/M1/clock/r_rec_type/INV,proved,1,rodin
Slice_control/M1/clock/e_rec_type/INV,proved,2,rodin
Slice_control/M1/clock/m1_rec_type/INV,proved,1,rodin
Slice_control/M1/clock/m2_rec_type/INV,proved,1,rodin
Slice_control/M1/clock/w_rec_type/INV,proved,1,rodin
Slice_control/M1/clock/turn_rot/INV,proved,2,rodin
Slice_control/M1/clock/where_0/INV,proved,2418,split(rot)
Slice_control/M1/clock/where_1/INV,proved,2416,split(rot)
Slice_control/M1/clock/where_2/INV,proved,2420,split(rot)
Slice_control/M1/clock/where_3/INV,proved,2445,split(rot)
Slice_control/M1/clock/where_4/INV,proved,2411,split(rot)
Slice_control/M1/clock/where_5/INV,proved,2447,split(rot)
Slice_control/M1/clock/where_6/INV,proved,2401,split(rot)
Slice_control/M1/clock/where_7/INV,proved,2858,split(rot)
Slice_control/M1/clock/next/GRD,proved,101,veriT/all
Slice_control/M1/clock/rot/WD,proved,11,Z3/quick×2
Slice_control/M1/clock/f_rec/WD,proved,11,Z3/quick×2
Slice_control/M2/INITIALISATION/d_rec_width/INV,proved,5,rodin
Slice_control/M2/INITIALISATION/e_rec_width/INV,proved,1,rodin
Slice_control/M2/INITIALISATION/f_rec_width/INV,proved,1,rodin
Slice_control/M2/INITIALISATION/m1_rec_width/INV,proved,1,rodin
Slice_control/M2/INITIALISATION/m2_rec_width/INV,proved,1,rodin
Slice_control/M2/INITIALISATION/r_rec_width/INV,proved,1,rodin
Slice_control/M2/INITIALISATION/rot_width/INV,proved,1,rodin
Slice_control/M2/INITIALISATION/w_rec_width/INV,proved,1,rodin
Slice_control/M2/INITIALISATION/x_rec_width/INV,proved,1,rodin
Slice_control/M2/reset/d_rec_width/INV,proved,9,Z3/quick
Slice_control/M2/reset/e_rec_width/INV,proved,10,Z3/quick
Slice_control/M2/reset/f_rec_width/INV,proved,11,Z3/quick
Slice_control/M2/reset/m1_rec_width/INV,proved,12,Z3/quick
Slice_control/M2/reset/m2_rec_width/INV,proved,9,Z3/quick
Slice_control/M2/reset/r_rec_width/INV,proved,10,Z3/quick
Slice_control/M2/reset/rot_width/INV,proved,10,Z3/quick
Slice_control/M2/reset/w_rec_width/INV,proved,10,Z3/quick
Slice_control/M2/reset/x_rec_width/INV,proved,11,Z3/quick
Slice_control/M2/reset/d_rec/WD,proved,10,Z3/quick
Slice_control/M2/reset/e_rec/WD,proved,10,Z3/quick
Slice_control/M2/reset/f_rec/WD,proved,20,Z3/quick×3
Slice_control/M2/reset/m1_rec/WD,proved,9,Z3/quick
Slice_control/M2/reset/m2_rec/WD,proved,9,Z3/quick
Slice_control/M2/reset/r_rec/WD,proved,10,Z3/quick
Slice_control/M2/reset/rot/WD,proved,21,Z3/quick×3
Slice_control/M2/reset/w_rec/WD,proved,12,Z3/quick
Slice_control/M2/reset/x_rec/WD,proved,10,Z3/quick
Slice_control/M2/reset/reset_rot/SIM,proved,2,rodin
Slice_control/M2/reset/reset_f_rec/SIM,proved,1,rodin
Slice_control/M2/reset/reset_x_rec/SIM,proved,5,rodin
Slice_control/M2/reset/reset_d_rec/SIM,proved,2,rodin
Slice_control/M2/reset/reset_r_rec/SIM,proved,1,rodin
Slice_control/M2/reset/reset_e_rec/SIM,proved,1,rodin
Slice_control/M2/reset/reset_m1_rec/SIM,proved,1,rodin
Slice_control/M2/reset/reset_m2_rec/SIM,proved,1,rodin
Slice_control/M2/reset/reset_w_rec/SIM,proved,1,rodin
Slice_control/M2/clock/d_rec_width/INV,proved,1,rodin
Slice_control/M2/clock/e_rec_width/INV,proved,1,rodin
Slice_control/M2/clock/f_rec_width/INV,proved,77,veriT/all
Slice_control/M2/clock/m1_rec_width/INV,proved,4,rodin
Slice_control/M2/clock/m2_rec_width/INV,proved,3,rodin
Slice_control/M2/clock/r_rec_width/INV,proved,1,rodin
Slice_control/M2/clock/rot_width/INV,proved,10,Z3/quick
Slice_control/M2/clock/w_rec_width/INV,proved,1,rodin
Slice_control/M2/clock/x_rec_width/INV,proved,1,rodin
Slice_control/M2/clock/d_rec/WD,proved,11,Z3/quick
Slice_control/M2/clock/e_rec/WD,proved,10,Z3/quick
Slice_control/M2/clock/f_rec/WD,proved,18,Z3/quick×3
Slice_control/M2/clock/m1_rec/WD,proved,9,Z3/quick
Slice_control/M2/clock/m2_rec/WD,proved,9,Z3/quick
Slice_control/M2/clock/r_rec/WD,proved,9,Z3/quick
Slice_control/M2/clock/rot/WD,proved,19,Z3/quick×3
Slice_control/M2/clock/w_rec/WD,proved,9,Z3/quick
Slice_control/M2/clock/x_rec/WD,proved,8,Z3/quick
Slice_control/M2/clock/rot/SIM,proved,76,veriT/all
Slice_control/M2/clock/f_rec/SIM,proved,1,rodin
Slice_control/M2/clock/x_rec/SIM,proved,1,rodin
Slice_control/M2/clock/d_rec/SIM,proved,1,rodin
Slice_control/M2/clock/r_rec/SIM,proved,1,rodin
Slice_control/M2/clock/e_rec/SIM,proved,1,rodin
Slice_control/M2/clock/m1_rec/SIM,proved,1,rodin
Slice_control/M2/clock/m2_rec/SIM,proved,1,rodin
Slice_control/M2/clock/w_rec/SIM,proved,1,rodin
