Alu/M0/INITIALISATION/word/INV,proved,510,z3new/quick
Alu/M0/add/word/INV,proved,527,z3new/quick
Alu/M0/add/act1/WD,proved,499,z3new/quick×2
Alu/M0/sub/word/INV,proved,547,z3new/quick
Alu/M0/sub/act1/WD,proved,239,z3new/quick×2
Alu/M0/sll/word/INV,proved,387,z3new/quick
Alu/M0/sll/act1/WD,proved,2914,z3new/quick×62
Alu/M0/slt/word/INV,proved,249,z3new/quick
Alu/M0/slt/act1/WD,proved,97,z3new/quick×2
Alu/M0/sltu/word/INV,proved,101,z3new/quick
Alu/M0/sltu/act1/WD,proved,105,z3new/quick×2
Alu/M0/xor/word/INV,proved,252,z3new/quick
Alu/M0/srl/word/INV,proved,329,z3new/quick
Alu/M0/srl/act1/WD,proved,2610,z3new/quick×62
Alu/M0/sra/word/INV,proved,686,z3new/quick
Alu/M0/sra/act1/WD,proved,2416,z3new/quick×62
Alu/M0/or/word/INV,proved,124,z3new/quick
Alu/M0/and/word/INV,proved,156,z3new/quick
Alu/M1/sll_1_0/op/GRD,proved,64,rodin
Alu/M1/sll_1_1/op/GRD,proved,77,rodin
Alu/M1/slt_2_0/op/GRD,proved,44,rodin
Alu/M1/slt_2_1/op/GRD,proved,54,rodin
Alu/M1/sltu_3_0/op/GRD,proved,46,rodin
Alu/M1/sltu_3_1/op/GRD,proved,39,rodin
Alu/M1/xor_4_0/op/GRD,proved,456,rodin
Alu/M1/xor_4_1/op/GRD,proved,523,rodin
Alu/M1/sra_5_1/act1/WD,proved,2770,z3new/quick×62
Alu/M1/sra_5_1/act1/SIM,proved,872,z3new/quick
Alu/M1/or_6_0/op/GRD,proved,110,rodin
Alu/M1/or_6_1/op/GRD,proved,56,rodin
Alu/M1/and_7_0/op/GRD,proved,43,rodin
Alu/M1/and_7_1/op/GRD,proved,48,rodin
AluMutXor/M0/INITIALISATION/word/INV,proved,76,z3new/quick
AluMutXor/M0/add/word/INV,proved,113,z3new/quick
AluMutXor/M0/add/act1/WD,proved,85,z3new/quick×2
AluMutXor/M0/sub/word/INV,proved,92,z3new/quick
AluMutXor/M0/sub/act1/WD,proved,116,z3new/quick×2
AluMutXor/M0/sll/word/INV,proved,143,z3new/quick
AluMutXor/M0/sll/act1/WD,proved,1982,z3new/quick×62
AluMutXor/M0/slt/word/INV,proved,120,z3new/quick
AluMutXor/M0/slt/act1/WD,proved,53,z3new/quick×2
AluMutXor/M0/sltu/word/INV,proved,61,z3new/quick
AluMutXor/M0/sltu/act1/WD,proved,69,z3new/quick×2
AluMutXor/M0/xor/word/INV,proved,97,z3new/quick
AluMutXor/M0/srl/word/INV,proved,177,z3new/quick
AluMutXor/M0/srl/act1/WD,proved,2113,z3new/quick×62
AluMutXor/M0/sra/word/INV,proved,343,z3new/quick
AluMutXor/M0/sra/act1/WD,proved,1781,z3new/quick×62
AluMutXor/M0/or/word/INV,proved,131,z3new/quick
AluMutXor/M0/and/word/INV,proved,285,z3new/quick
AluMutXor/M1/sll_1_0/op/GRD,proved,51,rodin
AluMutXor/M1/sll_1_1/op/GRD,proved,38,rodin
AluMutXor/M1/slt_2_0/op/GRD,proved,60,rodin
AluMutXor/M1/slt_2_1/op/GRD,proved,44,rodin
AluMutXor/M1/sltu_3_0/op/GRD,proved,27,rodin
AluMutXor/M1/sltu_3_1/op/GRD,proved,28,rodin
AluMutXor/M1/xor_4_0/op/GRD,proved,74,rodin
AluMutXor/M1/xor_4_0/xor_bits/GRD,open,2530,
AluMutXor/M1/xor_4_1/op/GRD,proved,37,rodin
AluMutXor/M1/xor_4_1/xor_bits/GRD,open,2825,
AluMutXor/M1/sra_5_1/act1/WD,proved,2962,z3new/quick×62
AluMutXor/M1/sra_5_1/act1/SIM,proved,747,z3new/quick
AluMutXor/M1/or_6_0/op/GRD,proved,47,rodin
AluMutXor/M1/or_6_1/op/GRD,proved,31,rodin
AluMutXor/M1/and_7_0/op/GRD,proved,30,rodin
AluMutXor/M1/and_7_1/op/GRD,proved,53,rodin
AluMutSub/M0/INITIALISATION/word/INV,proved,44,z3new/quick
AluMutSub/M0/add/word/INV,proved,77,z3new/quick
AluMutSub/M0/add/act1/WD,proved,88,z3new/quick×2
AluMutSub/M0/sub/word/INV,proved,57,z3new/quick
AluMutSub/M0/sub/act1/WD,proved,131,z3new/quick×2
AluMutSub/M0/sll/word/INV,proved,139,z3new/quick
AluMutSub/M0/sll/act1/WD,proved,1764,z3new/quick×62
AluMutSub/M0/slt/word/INV,proved,74,z3new/quick
AluMutSub/M0/slt/act1/WD,proved,41,z3new/quick×2
AluMutSub/M0/sltu/word/INV,proved,101,z3new/quick
AluMutSub/M0/sltu/act1/WD,proved,93,z3new/quick×2
AluMutSub/M0/xor/word/INV,proved,111,z3new/quick
AluMutSub/M0/srl/word/INV,proved,328,z3new/quick
AluMutSub/M0/srl/act1/WD,proved,1644,z3new/quick×62
AluMutSub/M0/sra/word/INV,proved,311,z3new/quick
AluMutSub/M0/sra/act1/WD,proved,1680,z3new/quick×62
AluMutSub/M0/or/word/INV,proved,152,z3new/quick
AluMutSub/M0/and/word/INV,proved,76,z3new/quick
AluMutSub/M1/sub_0_1/act1/WD,proved,76,z3new/quick×2
AluMutSub/M1/sub_0_1/act1/SIM,open,418,
AluMutSub/M1/sll_1_0/op/GRD,proved,45,rodin
AluMutSub/M1/sll_1_1/op/GRD,proved,54,rodin
AluMutSub/M1/slt_2_0/op/GRD,proved,21,rodin
AluMutSub/M1/slt_2_1/op/GRD,proved,266,rodin
AluMutSub/M1/sltu_3_0/op/GRD,proved,35,rodin
AluMutSub/M1/sltu_3_1/op/GRD,proved,18,rodin
AluMutSub/M1/xor_4_0/op/GRD,proved,54,rodin
AluMutSub/M1/xor_4_1/op/GRD,proved,210,rodin
AluMutSub/M1/sra_5_1/act1/WD,proved,1599,z3new/quick×62
AluMutSub/M1/sra_5_1/act1/SIM,proved,527,z3new/quick
AluMutSub/M1/or_6_0/op/GRD,proved,65,rodin
AluMutSub/M1/or_6_1/op/GRD,proved,30,rodin
AluMutSub/M1/and_7_0/op/GRD,proved,29,rodin
AluMutSub/M1/and_7_1/op/GRD,proved,68,rodin
