Slice/M0/INITIALISATION/turn_type/INV,proved,15,rodin
Slice/M0/INITIALISATION/val_type/INV,proved,8,rodin
Slice/M0/INITIALISATION/init_turn/FIS,proved,11,rodin
Slice/M0/INITIALISATION/init_val/FIS,proved,8,rodin
Slice/M0/reset/turn_type/INV,proved,91,Z3/quick
Slice/M0/reset/val_type/INV,proved,108,Z3/quick
Slice/M0/step/next/WD,proved,98,Z3/quick×2
Slice/M0/step/thread/THM,proved,221,Z3/all
Slice/M0/step/turn_type/INV,proved,2,rodin
Slice/M0/step/val_type/INV,proved,177,Z3/quick
Slice/M0/step/own/WD,proved,177,Z3/quick Z3/all
Slice/M1/INITIALISATION/val'/WFIS,proved,1345,split(rot')
Slice/M1/INITIALISATION/rot_type/INV,proved,24,rodin
Slice/M1/INITIALISATION/f_rec_type/INV,proved,24,rodin
Slice/M1/INITIALISATION/x_rec_type/INV,proved,22,rodin
Slice/M1/INITIALISATION/d_rec_type/INV,proved,8,rodin
Slice/M1/INITIALISATION/r_rec_type/INV,proved,1,rodin
Slice/M1/INITIALISATION/e_rec_type/INV,proved,1,rodin
Slice/M1/INITIALISATION/m1_rec_type/INV,proved,2,rodin
Slice/M1/INITIALISATION/m2_rec_type/INV,proved,7,rodin
Slice/M1/INITIALISATION/w_rec_type/INV,proved,3,rodin
Slice/M1/INITIALISATION/turn_rot/INV,proved,13,rodin
Slice/M1/INITIALISATION/where_0/INV,proved,9,rodin
Slice/M1/INITIALISATION/where_1/INV,proved,2,rodin
Slice/M1/INITIALISATION/where_2/INV,proved,9,rodin
Slice/M1/INITIALISATION/where_3/INV,proved,24,rodin
Slice/M1/INITIALISATION/where_4/INV,proved,20,rodin
Slice/M1/INITIALISATION/where_5/INV,proved,15,rodin
Slice/M1/INITIALISATION/where_6/INV,proved,20,rodin
Slice/M1/INITIALISATION/where_7/INV,proved,8,rodin
Slice/M1/INITIALISATION/init_rot/FIS,proved,21,rodin
Slice/M1/INITIALISATION/init_f_rec/FIS,proved,7,rodin
Slice/M1/INITIALISATION/init_x_rec/FIS,proved,1,rodin
Slice/M1/INITIALISATION/init_d_rec/FIS,proved,13,rodin
Slice/M1/INITIALISATION/init_r_rec/FIS,proved,10,rodin
Slice/M1/INITIALISATION/init_e_rec/FIS,proved,11,rodin
Slice/M1/INITIALISATION/init_m1_rec/FIS,proved,7,rodin
Slice/M1/INITIALISATION/init_m2_rec/FIS,proved,2,rodin
Slice/M1/INITIALISATION/init_w_rec/FIS,proved,7,rodin
Slice/M1/INITIALISATION/init_turn/SIM,proved,5,rodin
Slice/M1/INITIALISATION/init_val/SIM,open,144,
Slice/M1/reset/rot_type/INV,proved,68,Z3/quick
Slice/M1/reset/f_rec_type/INV,proved,41,Z3/quick
Slice/M1/reset/x_rec_type/INV,proved,24,Z3/quick
Slice/M1/reset/d_rec_type/INV,proved,28,Z3/quick
Slice/M1/reset/r_rec_type/INV,proved,30,Z3/quick
Slice/M1/reset/e_rec_type/INV,proved,22,Z3/quick
Slice/M1/reset/m1_rec_type/INV,proved,19,Z3/quick
Slice/M1/reset/m2_rec_type/INV,proved,32,Z3/quick
Slice/M1/reset/w_rec_type/INV,proved,27,Z3/quick
Slice/M1/reset/turn_rot/INV,proved,9,rodin
Slice/M1/reset/where_0/INV,proved,18,Z3/quick
Slice/M1/reset/where_1/INV,proved,16,rodin
Slice/M1/reset/where_2/INV,proved,2,rodin
Slice/M1/reset/where_3/INV,proved,9,rodin
Slice/M1/reset/where_4/INV,proved,6,rodin
Slice/M1/reset/where_5/INV,proved,5,rodin
Slice/M1/reset/where_6/INV,proved,13,rodin
Slice/M1/reset/where_7/INV,proved,4,rodin
Slice/M1/clock/t/WWD,proved,32,Z3/quick×2
Slice/M1/clock/rot_type/INV,proved,36,Z3/quick
Slice/M1/clock/f_rec_type/INV,proved,119,Z3/all
Slice/M1/clock/x_rec_type/INV,proved,10,rodin
Slice/M1/clock/d_rec_type/INV,proved,6,rodin
Slice/M1/clock/r_rec_type/INV,proved,4,rodin
Slice/M1/clock/e_rec_type/INV,proved,4,rodin
Slice/M1/clock/m1_rec_type/INV,proved,1,rodin
Slice/M1/clock/m2_rec_type/INV,proved,6,rodin
Slice/M1/clock/w_rec_type/INV,proved,6,rodin
Slice/M1/clock/turn_rot/INV,proved,4,rodin
Slice/M1/clock/where_0/INV,open,12731,
Slice/M1/clock/where_1/INV,open,10273,
Slice/M1/clock/where_2/INV,open,15525,
Slice/M1/clock/where_3/INV,open,15376,
Slice/M1/clock/where_4/INV,open,14567,
Slice/M1/clock/where_5/INV,open,15111,
Slice/M1/clock/where_6/INV,open,14877,
Slice/M1/clock/where_7/INV,open,15644,
Slice/M1/clock/next/GRD,proved,86,Z3/all
Slice/M1/clock/rot/WD,proved,30,Z3/quick×2
Slice/M1/clock/f_rec/WD,proved,28,Z3/quick×2
Slice/M2/INITIALISATION/d_rec_width/INV,proved,21,rodin
Slice/M2/INITIALISATION/e_rec_width/INV,proved,11,rodin
Slice/M2/INITIALISATION/f_rec_width/INV,proved,9,rodin
Slice/M2/INITIALISATION/m1_rec_width/INV,proved,7,rodin
Slice/M2/INITIALISATION/m2_rec_width/INV,proved,10,rodin
Slice/M2/INITIALISATION/r_rec_width/INV,proved,4,rodin
Slice/M2/INITIALISATION/rot_width/INV,proved,24,rodin
Slice/M2/INITIALISATION/w_rec_width/INV,proved,2,rodin
Slice/M2/INITIALISATION/x_rec_width/INV,proved,7,rodin
Slice/M2/reset/d_rec_width/INV,proved,30,Z3/quick
Slice/M2/reset/e_rec_width/INV,proved,26,Z3/quick
Slice/M2/reset/f_rec_width/INV,proved,33,Z3/quick
Slice/M2/reset/m1_rec_width/INV,proved,25,Z3/quick
Slice/M2/reset/m2_rec_width/INV,proved,29,Z3/quick
Slice/M2/reset/r_rec_width/INV,proved,33,Z3/quick
Slice/M2/reset/rot_width/INV,proved,33,Z3/quick
Slice/M2/reset/w_rec_width/INV,proved,31,Z3/quick
Slice/M2/reset/x_rec_width/INV,proved,34,Z3/quick
Slice/M2/reset/d_rec/WD,proved,24,Z3/quick
Slice/M2/reset/e_rec/WD,proved,26,Z3/quick
Slice/M2/reset/f_rec/WD,proved,64,Z3/quick×3
Slice/M2/reset/m1_rec/WD,proved,35,Z3/quick
Slice/M2/reset/m2_rec/WD,proved,19,Z3/quick
Slice/M2/reset/r_rec/WD,proved,23,Z3/quick
Slice/M2/reset/rot/WD,proved,78,Z3/quick×7
Slice/M2/reset/w_rec/WD,proved,20,Z3/quick
Slice/M2/reset/x_rec/WD,proved,27,Z3/quick
Slice/M2/reset/reset_rot/SIM,proved,42,Z3/quick
Slice/M2/reset/reset_f_rec/SIM,proved,3,rodin
Slice/M2/reset/reset_x_rec/SIM,proved,2,rodin
Slice/M2/reset/reset_d_rec/SIM,proved,2,rodin
Slice/M2/reset/reset_r_rec/SIM,proved,7,rodin
Slice/M2/reset/reset_e_rec/SIM,proved,7,rodin
Slice/M2/reset/reset_m1_rec/SIM,proved,7,rodin
Slice/M2/reset/reset_m2_rec/SIM,proved,5,rodin
Slice/M2/reset/reset_w_rec/SIM,proved,22,rodin
Slice/M2/clock/d_rec_width/INV,proved,18,rodin
Slice/M2/clock/e_rec_width/INV,proved,8,rodin
Slice/M2/clock/f_rec_width/INV,proved,101,Z3/all
Slice/M2/clock/m1_rec_width/INV,proved,11,rodin
Slice/M2/clock/m2_rec_width/INV,proved,11,rodin
Slice/M2/clock/r_rec_width/INV,proved,2,rodin
Slice/M2/clock/rot_width/INV,proved,29,Z3/quick
Slice/M2/clock/w_rec_width/INV,proved,2,rodin
Slice/M2/clock/x_rec_width/INV,proved,6,rodin
Slice/M2/clock/d_rec/WD,proved,21,Z3/quick
Slice/M2/clock/e_rec/WD,proved,25,Z3/quick
Slice/M2/clock/f_rec/WD,proved,52,Z3/quick×3
Slice/M2/clock/m1_rec/WD,proved,22,Z3/quick
Slice/M2/clock/m2_rec/WD,proved,19,Z3/quick
Slice/M2/clock/r_rec/WD,proved,24,Z3/quick
Slice/M2/clock/rot/WD,proved,64,Z3/quick×7
Slice/M2/clock/w_rec/WD,proved,35,Z3/quick
Slice/M2/clock/x_rec/WD,proved,21,Z3/quick
Slice/M2/clock/rot/SIM,proved,81,Z3/all
Slice/M2/clock/f_rec/SIM,proved,13,rodin
Slice/M2/clock/x_rec/SIM,proved,2,rodin
Slice/M2/clock/d_rec/SIM,proved,22,rodin
Slice/M2/clock/r_rec/SIM,proved,13,rodin
Slice/M2/clock/e_rec/SIM,proved,16,rodin
Slice/M2/clock/m1_rec/SIM,proved,6,rodin
Slice/M2/clock/m2_rec/SIM,proved,9,rodin
Slice/M2/clock/w_rec/SIM,proved,6,rodin
