RotLaps/M0/INITIALISATION/inv1/INV,proved,10,rodin
RotLaps/M0/tick/inv1/INV,proved,1474,z3new/selected
RotLaps/M1/cover/THM,proved,135,z3new/quick
RotLaps/M1/INITIALISATION/inv1/INV,proved,190,z3new/all
RotLaps/M1/INITIALISATION/glue/INV,proved,19,rodin
RotLaps/M1/wrap/inv1/INV,proved,121,z3new/quick
RotLaps/M1/wrap/glue/INV,open,206,
RotLaps/M1/step/inv1/INV,proved,59,z3new/quick
RotLaps/M1/step/glue/INV,proved,41,rodin
FieldInt/M0/INITIALISATION/fields/INV,proved,77,z3new/quick×3
FieldInt/M0/insert/fields/INV,proved,14,rodin
FieldInt/M1/INITIALISATION/word/INV,proved,42,z3new/quick
FieldInt/M1/INITIALISATION/glue/INV,proved,4,rodin
FieldInt/M1/insert/word/INV,proved,55,z3new/quick
FieldInt/M1/insert/glue/INV,proved,135,z3new/all
FieldInt/M1/extract/grd1/GRD,open,6096,
DecodeInt/M0/INITIALISATION/fields/INV,proved,58,z3new/quick×3
DecodeInt/M0/set_rd/fields/INV,proved,8,rodin
DecodeInt/M1/INITIALISATION/word/INV,proved,39,z3new/quick
DecodeInt/M1/INITIALISATION/glue/INV,proved,26,rodin
DecodeInt/M1/decode/grd1/GRD,proved,2011,z3new/all×6
DecodeInt/M1/set_rd/word/INV,proved,39,z3new/quick
DecodeInt/M1/set_rd/glue/INV,proved,260,z3new/all
AddInt/M0/INITIALISATION/words/INV,proved,32,z3new/quick
AddInt/M0/load/words/INV,proved,11,rodin
AddInt/M0/add/words/INV,proved,16,rodin
AddInt/M0/sub/words/INV,proved,13,rodin
AddInt/M1/add/grd1/GRD,proved,198,z3new/quick×2
AddInt/M1/add/act1/SIM,proved,76,rodin
AddInt/M1/sub/grd1/GRD,proved,230,z3new/quick×3
AddInt/M1/sub/act1/SIM,proved,63,rodin
Shift/M0/INITIALISATION/words/INV,proved,26,z3new/quick
Shift/M0/load/words/INV,proved,5,rodin
Shift/M0/sll/words/INV,proved,24,rodin
Shift/M0/srl/words/INV,proved,46,z3new/quick
Shift/M1/sll/act1/SIM,proved,5231,z3new/selected
Shift/M1/srl/act1/SIM,proved,73,z3new/quick
BridgeRegion/M0/INITIALISATION/outputs/INV,proved,32,z3new/quick
BridgeRegion/M0/eval/outputs/INV,proved,43,z3new/quick
BridgeRegion/M0/eval/act0/WD,proved,36,z3new/quick×2
BridgeRegion/M1/eval/act0/WD,proved,31,z3new/quick×2
BridgeRegion/M1/eval/act0/SIM,proved,37,z3new/quick
BridgeAluGates/M0/INITIALISATION/word/INV,proved,92,z3new/quick
BridgeAluGates/M0/add/word/INV,proved,127,z3new/quick
BridgeAluGates/M0/add/act1/WD,proved,115,z3new/quick×2
BridgeAluGates/M0/sub/word/INV,proved,101,z3new/quick
BridgeAluGates/M0/sub/act1/WD,proved,226,z3new/quick×2
BridgeAluGates/M0/sll/word/INV,proved,403,z3new/quick
BridgeAluGates/M0/sll/act1/WD,proved,2063,z3new/quick×62
BridgeAluGates/M0/slt/word/INV,proved,136,z3new/quick
BridgeAluGates/M0/slt/act1/WD,proved,71,z3new/quick×2
BridgeAluGates/M0/sltu/word/INV,proved,93,z3new/quick
BridgeAluGates/M0/sltu/act1/WD,proved,62,z3new/quick×2
BridgeAluGates/M0/xor/word/INV,proved,541,z3new/quick
BridgeAluGates/M0/srl/word/INV,proved,362,z3new/quick
BridgeAluGates/M0/srl/act1/WD,proved,2143,z3new/quick×62
BridgeAluGates/M0/sra/word/INV,proved,278,z3new/quick
BridgeAluGates/M0/sra/act1/WD,proved,1781,z3new/quick×62
BridgeAluGates/M0/or/word/INV,proved,146,z3new/quick
BridgeAluGates/M0/and/word/INV,proved,142,z3new/quick
BridgeAluGates/M1/sll_1_0/op/GRD,proved,78,rodin
BridgeAluGates/M1/sll_1_1/op/GRD,proved,89,rodin
BridgeAluGates/M1/slt_2_0/op/GRD,proved,63,rodin
BridgeAluGates/M1/slt_2_1/op/GRD,proved,70,rodin
BridgeAluGates/M1/sltu_3_0/op/GRD,proved,36,rodin
BridgeAluGates/M1/sltu_3_1/op/GRD,proved,36,rodin
BridgeAluGates/M1/xor_4_0/op/GRD,proved,803,rodin
BridgeAluGates/M1/xor_4_1/op/GRD,proved,736,rodin
BridgeAluGates/M1/sra_5_1/act1/WD,proved,2201,z3new/quick×62
BridgeAluGates/M1/sra_5_1/act1/SIM,proved,1234,z3new/quick
BridgeAluGates/M1/or_6_0/op/GRD,proved,106,rodin
BridgeAluGates/M1/or_6_1/op/GRD,proved,71,rodin
BridgeAluGates/M1/and_7_0/op/GRD,proved,77,rodin
BridgeAluGates/M1/and_7_1/op/GRD,proved,83,rodin
