Slice/M0/INITIALISATION/turn_type/INV,proved,4,rodin
Slice/M0/INITIALISATION/val_type/INV,proved,2,rodin
Slice/M0/INITIALISATION/init_turn/FIS,proved,4,rodin
Slice/M0/INITIALISATION/init_val/FIS,proved,7,rodin
Slice/M0/reset/turn_type/INV,proved,84,z3new/quick
Slice/M0/reset/val_type/INV,proved,92,z3new/quick
Slice/M0/step/next/WD,proved,97,z3new/quick×2
Slice/M0/step/thread/THM,proved,394,CVC4/all
Slice/M0/step/turn_type/INV,proved,5,rodin
Slice/M0/step/val_type/INV,proved,705,z3new/quick
Slice/M0/step/own/WD,proved,1278,z3new/quick split(turn)
Slice/M1/INITIALISATION/val'/WFIS,proved,1285,split(rot')
Slice/M1/INITIALISATION/rot_type/INV,proved,13,rodin
Slice/M1/INITIALISATION/f_rec_type/INV,proved,8,rodin
Slice/M1/INITIALISATION/x_rec_type/INV,proved,18,rodin
Slice/M1/INITIALISATION/d_rec_type/INV,proved,5,rodin
Slice/M1/INITIALISATION/r_rec_type/INV,proved,13,rodin
Slice/M1/INITIALISATION/e_rec_type/INV,proved,13,rodin
Slice/M1/INITIALISATION/m1_rec_type/INV,proved,1,rodin
Slice/M1/INITIALISATION/m2_rec_type/INV,proved,1,rodin
Slice/M1/INITIALISATION/w_rec_type/INV,proved,1,rodin
Slice/M1/INITIALISATION/turn_rot/INV,proved,14,rodin
Slice/M1/INITIALISATION/where_0/INV,proved,15,rodin
Slice/M1/INITIALISATION/where_1/INV,proved,18,rodin
Slice/M1/INITIALISATION/where_2/INV,proved,19,rodin
Slice/M1/INITIALISATION/where_3/INV,proved,5,rodin
Slice/M1/INITIALISATION/where_4/INV,proved,5,rodin
Slice/M1/INITIALISATION/where_5/INV,proved,11,rodin
Slice/M1/INITIALISATION/where_6/INV,proved,7,rodin
Slice/M1/INITIALISATION/where_7/INV,proved,20,rodin
Slice/M1/INITIALISATION/init_rot/FIS,proved,8,rodin
Slice/M1/INITIALISATION/init_f_rec/FIS,proved,8,rodin
Slice/M1/INITIALISATION/init_x_rec/FIS,proved,3,rodin
Slice/M1/INITIALISATION/init_d_rec/FIS,proved,14,rodin
Slice/M1/INITIALISATION/init_r_rec/FIS,proved,5,rodin
Slice/M1/INITIALISATION/init_e_rec/FIS,proved,12,rodin
Slice/M1/INITIALISATION/init_m1_rec/FIS,proved,11,rodin
Slice/M1/INITIALISATION/init_m2_rec/FIS,proved,1,rodin
Slice/M1/INITIALISATION/init_w_rec/FIS,proved,5,rodin
Slice/M1/INITIALISATION/init_turn/SIM,proved,9,rodin
Slice/M1/INITIALISATION/init_val/SIM,proved,1192,veriT/selected
Slice/M1/reset/rot_type/INV,proved,50,z3new/quick
Slice/M1/reset/f_rec_type/INV,proved,51,z3new/quick
Slice/M1/reset/x_rec_type/INV,proved,40,z3new/quick
Slice/M1/reset/d_rec_type/INV,proved,48,z3new/quick
Slice/M1/reset/r_rec_type/INV,proved,71,z3new/quick
Slice/M1/reset/e_rec_type/INV,proved,60,z3new/quick
Slice/M1/reset/m1_rec_type/INV,proved,42,z3new/quick
Slice/M1/reset/m2_rec_type/INV,proved,53,z3new/quick
Slice/M1/reset/w_rec_type/INV,proved,46,z3new/quick
Slice/M1/reset/turn_rot/INV,proved,17,rodin
Slice/M1/reset/where_0/INV,proved,50,z3new/quick
Slice/M1/reset/where_1/INV,proved,5,rodin
Slice/M1/reset/where_2/INV,proved,7,rodin
Slice/M1/reset/where_3/INV,proved,5,rodin
Slice/M1/reset/where_4/INV,proved,5,rodin
Slice/M1/reset/where_5/INV,proved,6,rodin
Slice/M1/reset/where_6/INV,proved,8,rodin
Slice/M1/reset/where_7/INV,proved,7,rodin
Slice/M1/clock/t/WWD,proved,29,z3new/quick×2
Slice/M1/clock/rot_type/INV,proved,42,z3new/quick
Slice/M1/clock/f_rec_type/INV,proved,219,veriT/all
Slice/M1/clock/x_rec_type/INV,proved,5,rodin
Slice/M1/clock/d_rec_type/INV,proved,6,rodin
Slice/M1/clock/r_rec_type/INV,proved,4,rodin
Slice/M1/clock/e_rec_type/INV,proved,3,rodin
Slice/M1/clock/m1_rec_type/INV,proved,4,rodin
Slice/M1/clock/m2_rec_type/INV,proved,4,rodin
Slice/M1/clock/w_rec_type/INV,proved,2,rodin
Slice/M1/clock/turn_rot/INV,proved,8,rodin
Slice/M1/clock/where_0/INV,proved,3334,split(rot)
Slice/M1/clock/where_1/INV,proved,3898,split(rot)
Slice/M1/clock/where_2/INV,proved,3464,split(rot)
Slice/M1/clock/where_3/INV,proved,3620,split(rot)
Slice/M1/clock/where_4/INV,proved,3559,split(rot)
Slice/M1/clock/where_5/INV,proved,3475,split(rot)
Slice/M1/clock/where_6/INV,proved,3449,split(rot)
Slice/M1/clock/where_7/INV,proved,3493,split(rot)
Slice/M1/clock/next/GRD,proved,427,veriT/all
Slice/M1/clock/rot/WD,proved,61,z3new/quick×2
Slice/M1/clock/f_rec/WD,proved,36,z3new/quick×2
Slice/M2/INITIALISATION/d_rec_width/INV,proved,10,rodin
Slice/M2/INITIALISATION/e_rec_width/INV,proved,6,rodin
Slice/M2/INITIALISATION/f_rec_width/INV,proved,7,rodin
Slice/M2/INITIALISATION/m1_rec_width/INV,proved,8,rodin
Slice/M2/INITIALISATION/m2_rec_width/INV,proved,6,rodin
Slice/M2/INITIALISATION/r_rec_width/INV,proved,4,rodin
Slice/M2/INITIALISATION/rot_width/INV,proved,1,rodin
Slice/M2/INITIALISATION/w_rec_width/INV,proved,6,rodin
Slice/M2/INITIALISATION/x_rec_width/INV,proved,9,rodin
Slice/M2/reset/d_rec_width/INV,proved,43,z3new/quick
Slice/M2/reset/e_rec_width/INV,proved,36,z3new/quick
Slice/M2/reset/f_rec_width/INV,proved,40,z3new/quick
Slice/M2/reset/m1_rec_width/INV,proved,30,z3new/quick
Slice/M2/reset/m2_rec_width/INV,proved,33,z3new/quick
Slice/M2/reset/r_rec_width/INV,proved,40,z3new/quick
Slice/M2/reset/rot_width/INV,proved,49,z3new/quick
Slice/M2/reset/w_rec_width/INV,proved,30,z3new/quick
Slice/M2/reset/x_rec_width/INV,proved,49,z3new/quick
Slice/M2/reset/d_rec/WD,proved,41,z3new/quick
Slice/M2/reset/e_rec/WD,proved,34,z3new/quick
Slice/M2/reset/f_rec/WD,proved,74,z3new/quick×3
Slice/M2/reset/m1_rec/WD,proved,22,z3new/quick
Slice/M2/reset/m2_rec/WD,proved,49,z3new/quick
Slice/M2/reset/r_rec/WD,proved,38,z3new/quick
Slice/M2/reset/rot/WD,proved,106,z3new/quick×7
Slice/M2/reset/w_rec/WD,proved,18,z3new/quick
Slice/M2/reset/x_rec/WD,proved,33,z3new/quick
Slice/M2/reset/reset_rot/SIM,proved,30,z3new/quick
Slice/M2/reset/reset_f_rec/SIM,proved,2,rodin
Slice/M2/reset/reset_x_rec/SIM,proved,3,rodin
Slice/M2/reset/reset_d_rec/SIM,proved,6,rodin
Slice/M2/reset/reset_r_rec/SIM,proved,9,rodin
Slice/M2/reset/reset_e_rec/SIM,proved,9,rodin
Slice/M2/reset/reset_m1_rec/SIM,proved,3,rodin
Slice/M2/reset/reset_m2_rec/SIM,proved,15,rodin
Slice/M2/reset/reset_w_rec/SIM,proved,5,rodin
Slice/M2/clock/d_rec_width/INV,proved,19,rodin
Slice/M2/clock/e_rec_width/INV,proved,11,rodin
Slice/M2/clock/f_rec_width/INV,proved,178,veriT/all
Slice/M2/clock/m1_rec_width/INV,proved,12,rodin
Slice/M2/clock/m2_rec_width/INV,proved,7,rodin
Slice/M2/clock/r_rec_width/INV,proved,13,rodin
Slice/M2/clock/rot_width/INV,proved,53,z3new/quick
Slice/M2/clock/w_rec_width/INV,proved,2,rodin
Slice/M2/clock/x_rec_width/INV,proved,12,rodin
Slice/M2/clock/d_rec/WD,proved,47,z3new/quick
Slice/M2/clock/e_rec/WD,proved,36,z3new/quick
Slice/M2/clock/f_rec/WD,proved,61,z3new/quick×3
Slice/M2/clock/m1_rec/WD,proved,34,z3new/quick
Slice/M2/clock/m2_rec/WD,proved,55,z3new/quick
Slice/M2/clock/r_rec/WD,proved,37,z3new/quick
Slice/M2/clock/rot/WD,proved,165,z3new/quick×7
Slice/M2/clock/w_rec/WD,proved,39,z3new/quick
Slice/M2/clock/x_rec/WD,proved,33,z3new/quick
Slice/M2/clock/rot/SIM,proved,177,veriT/all
Slice/M2/clock/f_rec/SIM,proved,2,rodin
Slice/M2/clock/x_rec/SIM,proved,5,rodin
Slice/M2/clock/d_rec/SIM,proved,7,rodin
Slice/M2/clock/r_rec/SIM,proved,6,rodin
Slice/M2/clock/e_rec/SIM,proved,8,rodin
Slice/M2/clock/m1_rec/SIM,proved,1,rodin
Slice/M2/clock/m2_rec/SIM,proved,1,rodin
Slice/M2/clock/w_rec/SIM,proved,4,rodin
