RotLaps/M0/INITIALISATION/inv1/INV,proved,13,rodin
RotLaps/M0/tick/inv1/INV,proved,74,z3new/quick
RotLaps/M1/cover/THM,proved,51,z3new/quick
RotLaps/M1/INITIALISATION/inv1/INV,proved,215,z3new/all
RotLaps/M1/INITIALISATION/glue/INV,proved,25,rodin
RotLaps/M1/wrap/inv1/INV,proved,71,z3new/quick
RotLaps/M1/wrap/glue/INV,open,208,
RotLaps/M1/step/inv1/INV,proved,93,z3new/quick
RotLaps/M1/step/glue/INV,proved,82,rodin
FieldInt/M0/INITIALISATION/fields/INV,proved,69,z3new/quick×3
FieldInt/M0/insert/fields/INV,proved,21,rodin
FieldInt/M1/INITIALISATION/word/INV,proved,48,z3new/quick
FieldInt/M1/INITIALISATION/glue/INV,proved,8,rodin
FieldInt/M1/insert/word/INV,proved,84,z3new/quick
FieldInt/M1/insert/glue/INV,proved,173,z3new/all
FieldInt/M1/extract/grd1/GRD,proved,149,z3new/all
DecodeInt/M0/INITIALISATION/fields/INV,proved,81,z3new/quick×3
DecodeInt/M0/set_rd/fields/INV,proved,12,rodin
DecodeInt/M1/INITIALISATION/word/INV,proved,20,z3new/quick
DecodeInt/M1/INITIALISATION/glue/INV,proved,5,rodin
DecodeInt/M1/decode/grd1/GRD,open,6219,
DecodeInt/M1/set_rd/word/INV,proved,43,z3new/quick
DecodeInt/M1/set_rd/glue/INV,proved,1184,split(f3)
AddInt/M0/INITIALISATION/words/INV,proved,30,z3new/quick
AddInt/M0/load/words/INV,proved,10,rodin
AddInt/M0/add/words/INV,proved,8,rodin
AddInt/M0/sub/words/INV,proved,2,rodin
AddInt/M1/add/grd1/GRD,proved,223,z3new/quick×2
AddInt/M1/add/act1/SIM,proved,91,rodin
AddInt/M1/sub/grd1/GRD,proved,265,z3new/quick×3
AddInt/M1/sub/act1/SIM,proved,67,rodin
Shift/M0/INITIALISATION/words/INV,proved,29,z3new/quick
Shift/M0/load/words/INV,proved,13,rodin
Shift/M0/sll/words/INV,proved,17,rodin
Shift/M0/srl/words/INV,proved,41,z3new/quick
Shift/M1/sll/act1/SIM,open,12743,
Shift/M1/srl/act1/SIM,proved,75,z3new/quick
BridgeRegion/M0/INITIALISATION/outputs/INV,proved,45,z3new/quick
BridgeRegion/M0/eval/outputs/INV,proved,50,z3new/quick
BridgeRegion/M0/eval/act0/WD,proved,44,z3new/quick×2
BridgeRegion/M1/eval/act0/WD,proved,36,z3new/quick×2
BridgeRegion/M1/eval/act0/SIM,proved,34,z3new/quick
BridgeAluGates/M0/INITIALISATION/word/INV,proved,70,z3new/quick
BridgeAluGates/M0/add/word/INV,proved,93,z3new/quick
BridgeAluGates/M0/add/act1/WD,proved,82,z3new/quick×2
BridgeAluGates/M0/sub/word/INV,proved,120,z3new/quick
BridgeAluGates/M0/sub/act1/WD,proved,183,z3new/quick×2
BridgeAluGates/M0/sll/word/INV,proved,278,z3new/quick
BridgeAluGates/M0/sll/act1/WD,proved,2499,z3new/quick×62
BridgeAluGates/M0/slt/word/INV,proved,154,z3new/quick
BridgeAluGates/M0/slt/act1/WD,proved,127,z3new/quick×2
BridgeAluGates/M0/sltu/word/INV,proved,94,z3new/quick
BridgeAluGates/M0/sltu/act1/WD,proved,135,z3new/quick×2
BridgeAluGates/M0/xor/word/INV,proved,468,z3new/quick
BridgeAluGates/M0/srl/word/INV,proved,375,z3new/quick
BridgeAluGates/M0/srl/act1/WD,proved,2325,z3new/quick×62
BridgeAluGates/M0/sra/word/INV,proved,440,z3new/quick
BridgeAluGates/M0/sra/act1/WD,proved,2045,z3new/quick×62
BridgeAluGates/M0/or/word/INV,proved,290,z3new/quick
BridgeAluGates/M0/and/word/INV,proved,104,z3new/quick
BridgeAluGates/M1/sll_1_0/op/GRD,proved,50,rodin
BridgeAluGates/M1/sll_1_1/op/GRD,proved,31,rodin
BridgeAluGates/M1/slt_2_0/op/GRD,proved,37,rodin
BridgeAluGates/M1/slt_2_1/op/GRD,proved,43,rodin
BridgeAluGates/M1/sltu_3_0/op/GRD,proved,185,rodin
BridgeAluGates/M1/sltu_3_1/op/GRD,proved,22,rodin
BridgeAluGates/M1/xor_4_0/op/GRD,proved,148,rodin
BridgeAluGates/M1/xor_4_1/op/GRD,proved,210,rodin
BridgeAluGates/M1/sra_5_1/act1/WD,proved,1588,z3new/quick×62
BridgeAluGates/M1/sra_5_1/act1/SIM,proved,549,z3new/quick
BridgeAluGates/M1/or_6_0/op/GRD,proved,71,rodin
BridgeAluGates/M1/or_6_1/op/GRD,proved,46,rodin
BridgeAluGates/M1/and_7_0/op/GRD,proved,45,rodin
BridgeAluGates/M1/and_7_1/op/GRD,proved,78,rodin
