RotLaps/M0/INITIALISATION/inv1/INV,proved,14,rodin
RotLaps/M0/tick/inv1/INV,proved,79,z3new/quick
RotLaps/M1/cover/THM,proved,63,z3new/quick
RotLaps/M1/INITIALISATION/inv1/INV,proved,246,z3a2/all
RotLaps/M1/INITIALISATION/glue/INV,proved,16,rodin
RotLaps/M1/wrap/inv1/INV,proved,95,z3new/quick
RotLaps/M1/wrap/glue/INV,proved,182,z3new/quick cvc5/none
RotLaps/M1/step/inv1/INV,proved,84,z3new/quick
RotLaps/M1/step/glue/INV,proved,35,rodin
FieldInt/M0/INITIALISATION/fields/INV,proved,82,z3new/quick×3
FieldInt/M0/insert/fields/INV,proved,17,rodin
FieldInt/M1/INITIALISATION/word/INV,proved,61,z3new/quick
FieldInt/M1/INITIALISATION/glue/INV,proved,9,rodin
FieldInt/M1/insert/word/INV,proved,52,z3new/quick
FieldInt/M1/insert/glue/INV,proved,627,z3a2/all
FieldInt/M1/extract/grd1/GRD,proved,643,z3a2/all
DecodeInt/M0/INITIALISATION/fields/INV,proved,80,z3new/quick×3
DecodeInt/M0/set_rd/fields/INV,proved,19,rodin
DecodeInt/M1/INITIALISATION/word/INV,proved,37,z3new/quick
DecodeInt/M1/INITIALISATION/glue/INV,proved,3,rodin
DecodeInt/M1/decode/grd1/GRD,proved,4355,cvc5/all z3new/all×3 z3a2/all split(f3)
DecodeInt/M1/set_rd/word/INV,proved,51,z3new/quick
DecodeInt/M1/set_rd/glue/INV,proved,737,z3new/all
AddInt/M0/INITIALISATION/words/INV,proved,30,z3new/quick
AddInt/M0/load/words/INV,proved,4,rodin
AddInt/M0/add/words/INV,proved,5,rodin
AddInt/M0/sub/words/INV,proved,6,rodin
AddInt/M1/add/grd1/GRD,proved,205,z3new/quick×2
AddInt/M1/add/act1/SIM,proved,90,rodin
AddInt/M1/sub/grd1/GRD,proved,236,z3new/quick×3
AddInt/M1/sub/act1/SIM,proved,70,rodin
Shift/M0/INITIALISATION/words/INV,proved,27,z3new/quick
Shift/M0/load/words/INV,proved,14,rodin
Shift/M0/sll/words/INV,proved,29,rodin
Shift/M0/srl/words/INV,proved,46,z3new/quick
Shift/M1/sll/act1/SIM,proved,2212,split(k0)
Shift/M1/srl/act1/SIM,proved,80,z3new/quick
BridgeRegion/M0/INITIALISATION/outputs/INV,proved,48,z3new/quick
BridgeRegion/M0/eval/outputs/INV,proved,54,z3new/quick
BridgeRegion/M0/eval/act0/WD,proved,45,z3new/quick×2
BridgeRegion/M1/eval/act0/WD,proved,37,z3new/quick×2
BridgeRegion/M1/eval/act0/SIM,proved,48,z3new/quick
BridgeAluGates/M0/INITIALISATION/word/INV,proved,56,z3new/quick
BridgeAluGates/M0/add/word/INV,proved,106,z3new/quick
BridgeAluGates/M0/add/act1/WD,proved,120,z3new/quick×2
BridgeAluGates/M0/sub/word/INV,proved,73,z3new/quick
BridgeAluGates/M0/sub/act1/WD,proved,78,z3new/quick×2
BridgeAluGates/M0/sll/word/INV,proved,168,z3new/quick
BridgeAluGates/M0/sll/act1/WD,proved,2344,z3new/quick×62
BridgeAluGates/M0/slt/word/INV,proved,163,z3new/quick
BridgeAluGates/M0/slt/act1/WD,proved,159,z3new/quick×2
BridgeAluGates/M0/sltu/word/INV,proved,80,z3new/quick
BridgeAluGates/M0/sltu/act1/WD,proved,120,z3new/quick×2
BridgeAluGates/M0/xor/word/INV,proved,511,z3new/quick
BridgeAluGates/M0/srl/word/INV,proved,306,z3new/quick
BridgeAluGates/M0/srl/act1/WD,proved,2224,z3new/quick×62
BridgeAluGates/M0/sra/word/INV,proved,326,z3new/quick
BridgeAluGates/M0/sra/act1/WD,proved,1777,z3new/quick×62
BridgeAluGates/M0/or/word/INV,proved,118,z3new/quick
BridgeAluGates/M0/and/word/INV,proved,297,z3new/quick
BridgeAluGates/M1/sll_1_0/op/GRD,proved,73,rodin
BridgeAluGates/M1/sll_1_1/op/GRD,proved,98,rodin
BridgeAluGates/M1/slt_2_0/op/GRD,proved,45,rodin
BridgeAluGates/M1/slt_2_1/op/GRD,proved,67,rodin
BridgeAluGates/M1/sltu_3_0/op/GRD,proved,11,rodin
BridgeAluGates/M1/sltu_3_1/op/GRD,proved,34,rodin
BridgeAluGates/M1/xor_4_0/op/GRD,proved,189,rodin
BridgeAluGates/M1/xor_4_1/op/GRD,proved,217,rodin
BridgeAluGates/M1/sra_5_1/act1/WD,proved,1757,z3new/quick×62
BridgeAluGates/M1/sra_5_1/act1/SIM,proved,778,z3new/quick
BridgeAluGates/M1/or_6_0/op/GRD,proved,79,rodin
BridgeAluGates/M1/or_6_1/op/GRD,proved,86,rodin
BridgeAluGates/M1/and_7_0/op/GRD,proved,64,rodin
BridgeAluGates/M1/and_7_1/op/GRD,proved,43,rodin
