Slice/M0/INITIALISATION/turn_type/INV,proved,6,rodin
Slice/M0/INITIALISATION/val_type/INV,proved,22,rodin
Slice/M0/INITIALISATION/init_turn/FIS,proved,10,rodin
Slice/M0/INITIALISATION/init_val/FIS,proved,12,rodin
Slice/M0/reset/turn_type/INV,proved,146,z3new/quick
Slice/M0/reset/val_type/INV,proved,149,z3new/quick
Slice/M0/step/next/WD,proved,147,z3new/quick×2
Slice/M0/step/thread/THM,proved,598,z3new/all
Slice/M0/step/turn_type/INV,proved,9,rodin
Slice/M0/step/val_type/INV,proved,675,z3new/quick
Slice/M0/step/own/WD,proved,847,z3new/quick z3new/all
Slice/M1/INITIALISATION/val'/WFIS,proved,1279,split(rot')
Slice/M1/INITIALISATION/rot_type/INV,proved,23,rodin
Slice/M1/INITIALISATION/f_rec_type/INV,proved,16,rodin
Slice/M1/INITIALISATION/x_rec_type/INV,proved,10,rodin
Slice/M1/INITIALISATION/d_rec_type/INV,proved,10,rodin
Slice/M1/INITIALISATION/r_rec_type/INV,proved,1,rodin
Slice/M1/INITIALISATION/e_rec_type/INV,proved,9,rodin
Slice/M1/INITIALISATION/m1_rec_type/INV,proved,11,rodin
Slice/M1/INITIALISATION/m2_rec_type/INV,proved,1,rodin
Slice/M1/INITIALISATION/w_rec_type/INV,proved,13,rodin
Slice/M1/INITIALISATION/turn_rot/INV,proved,2,rodin
Slice/M1/INITIALISATION/where_0/INV,proved,5,rodin
Slice/M1/INITIALISATION/where_1/INV,proved,23,rodin
Slice/M1/INITIALISATION/where_2/INV,proved,12,rodin
Slice/M1/INITIALISATION/where_3/INV,proved,6,rodin
Slice/M1/INITIALISATION/where_4/INV,proved,6,rodin
Slice/M1/INITIALISATION/where_5/INV,proved,27,rodin
Slice/M1/INITIALISATION/where_6/INV,proved,7,rodin
Slice/M1/INITIALISATION/where_7/INV,proved,24,rodin
Slice/M1/INITIALISATION/init_rot/FIS,proved,2,rodin
Slice/M1/INITIALISATION/init_f_rec/FIS,proved,6,rodin
Slice/M1/INITIALISATION/init_x_rec/FIS,proved,2,rodin
Slice/M1/INITIALISATION/init_d_rec/FIS,proved,13,rodin
Slice/M1/INITIALISATION/init_r_rec/FIS,proved,6,rodin
Slice/M1/INITIALISATION/init_e_rec/FIS,proved,13,rodin
Slice/M1/INITIALISATION/init_m1_rec/FIS,proved,5,rodin
Slice/M1/INITIALISATION/init_m2_rec/FIS,proved,29,rodin
Slice/M1/INITIALISATION/init_w_rec/FIS,proved,32,rodin
Slice/M1/INITIALISATION/init_turn/SIM,proved,1,rodin
Slice/M1/INITIALISATION/init_val/SIM,open,382,
Slice/M1/reset/rot_type/INV,proved,41,z3new/quick
Slice/M1/reset/f_rec_type/INV,proved,68,z3new/quick
Slice/M1/reset/x_rec_type/INV,proved,55,z3new/quick
Slice/M1/reset/d_rec_type/INV,proved,71,z3new/quick
Slice/M1/reset/r_rec_type/INV,proved,47,z3new/quick
Slice/M1/reset/e_rec_type/INV,proved,58,z3new/quick
Slice/M1/reset/m1_rec_type/INV,proved,52,z3new/quick
Slice/M1/reset/m2_rec_type/INV,proved,82,z3new/quick
Slice/M1/reset/w_rec_type/INV,proved,66,z3new/quick
Slice/M1/reset/turn_rot/INV,proved,8,rodin
Slice/M1/reset/where_0/INV,proved,71,z3new/quick
Slice/M1/reset/where_1/INV,proved,16,rodin
Slice/M1/reset/where_2/INV,proved,2,rodin
Slice/M1/reset/where_3/INV,proved,4,rodin
Slice/M1/reset/where_4/INV,proved,7,rodin
Slice/M1/reset/where_5/INV,proved,2,rodin
Slice/M1/reset/where_6/INV,proved,7,rodin
Slice/M1/reset/where_7/INV,proved,2,rodin
Slice/M1/clock/t/WWD,proved,65,z3new/quick×2
Slice/M1/clock/rot_type/INV,proved,43,z3new/quick
Slice/M1/clock/f_rec_type/INV,proved,292,z3new/all
Slice/M1/clock/x_rec_type/INV,proved,12,rodin
Slice/M1/clock/d_rec_type/INV,proved,5,rodin
Slice/M1/clock/r_rec_type/INV,proved,7,rodin
Slice/M1/clock/e_rec_type/INV,proved,12,rodin
Slice/M1/clock/m1_rec_type/INV,proved,3,rodin
Slice/M1/clock/m2_rec_type/INV,proved,2,rodin
Slice/M1/clock/w_rec_type/INV,proved,10,rodin
Slice/M1/clock/turn_rot/INV,proved,6,rodin
Slice/M1/clock/where_0/INV,proved,3980,split(rot)
Slice/M1/clock/where_1/INV,proved,4037,split(rot)
Slice/M1/clock/where_2/INV,proved,3717,split(rot)
Slice/M1/clock/where_3/INV,proved,3553,split(rot)
Slice/M1/clock/where_4/INV,proved,3840,split(rot)
Slice/M1/clock/where_5/INV,proved,3601,split(rot)
Slice/M1/clock/where_6/INV,proved,3679,split(rot)
Slice/M1/clock/where_7/INV,proved,3630,split(rot)
Slice/M1/clock/next/GRD,proved,246,z3new/all
Slice/M1/clock/rot/WD,proved,64,z3new/quick×2
Slice/M1/clock/f_rec/WD,proved,49,z3new/quick×2
Slice/M2/INITIALISATION/d_rec_width/INV,proved,16,rodin
Slice/M2/INITIALISATION/e_rec_width/INV,proved,8,rodin
Slice/M2/INITIALISATION/f_rec_width/INV,proved,11,rodin
Slice/M2/INITIALISATION/m1_rec_width/INV,proved,17,rodin
Slice/M2/INITIALISATION/m2_rec_width/INV,proved,1,rodin
Slice/M2/INITIALISATION/r_rec_width/INV,proved,8,rodin
Slice/M2/INITIALISATION/rot_width/INV,proved,1,rodin
Slice/M2/INITIALISATION/w_rec_width/INV,proved,10,rodin
Slice/M2/INITIALISATION/x_rec_width/INV,proved,19,rodin
Slice/M2/reset/d_rec_width/INV,proved,49,z3new/quick
Slice/M2/reset/e_rec_width/INV,proved,55,z3new/quick
Slice/M2/reset/f_rec_width/INV,proved,49,z3new/quick
Slice/M2/reset/m1_rec_width/INV,proved,37,z3new/quick
Slice/M2/reset/m2_rec_width/INV,proved,47,z3new/quick
Slice/M2/reset/r_rec_width/INV,proved,65,z3new/quick
Slice/M2/reset/rot_width/INV,proved,51,z3new/quick
Slice/M2/reset/w_rec_width/INV,proved,50,z3new/quick
Slice/M2/reset/x_rec_width/INV,proved,34,z3new/quick
Slice/M2/reset/d_rec/WD,proved,43,z3new/quick
Slice/M2/reset/e_rec/WD,proved,52,z3new/quick
Slice/M2/reset/f_rec/WD,proved,71,z3new/quick×3
Slice/M2/reset/m1_rec/WD,proved,35,z3new/quick
Slice/M2/reset/m2_rec/WD,proved,35,z3new/quick
Slice/M2/reset/r_rec/WD,proved,37,z3new/quick
Slice/M2/reset/rot/WD,proved,154,z3new/quick×7
Slice/M2/reset/w_rec/WD,proved,34,z3new/quick
Slice/M2/reset/x_rec/WD,proved,48,z3new/quick
Slice/M2/reset/reset_rot/SIM,proved,42,z3new/quick
Slice/M2/reset/reset_f_rec/SIM,proved,3,rodin
Slice/M2/reset/reset_x_rec/SIM,proved,3,rodin
Slice/M2/reset/reset_d_rec/SIM,proved,10,rodin
Slice/M2/reset/reset_r_rec/SIM,proved,18,rodin
Slice/M2/reset/reset_e_rec/SIM,proved,10,rodin
Slice/M2/reset/reset_m1_rec/SIM,proved,4,rodin
Slice/M2/reset/reset_m2_rec/SIM,proved,4,rodin
Slice/M2/reset/reset_w_rec/SIM,proved,14,rodin
Slice/M2/clock/d_rec_width/INV,proved,4,rodin
Slice/M2/clock/e_rec_width/INV,proved,14,rodin
Slice/M2/clock/f_rec_width/INV,proved,291,z3new/all
Slice/M2/clock/m1_rec_width/INV,proved,7,rodin
Slice/M2/clock/m2_rec_width/INV,proved,14,rodin
Slice/M2/clock/r_rec_width/INV,proved,5,rodin
Slice/M2/clock/rot_width/INV,proved,48,z3new/quick
Slice/M2/clock/w_rec_width/INV,proved,6,rodin
Slice/M2/clock/x_rec_width/INV,proved,6,rodin
Slice/M2/clock/d_rec/WD,proved,38,z3new/quick
Slice/M2/clock/e_rec/WD,proved,50,z3new/quick
Slice/M2/clock/f_rec/WD,proved,107,z3new/quick×3
Slice/M2/clock/m1_rec/WD,proved,40,z3new/quick
Slice/M2/clock/m2_rec/WD,proved,42,z3new/quick
Slice/M2/clock/r_rec/WD,proved,49,z3new/quick
Slice/M2/clock/rot/WD,proved,156,z3new/quick×7
Slice/M2/clock/w_rec/WD,proved,42,z3new/quick
Slice/M2/clock/x_rec/WD,proved,30,z3new/quick
Slice/M2/clock/rot/SIM,proved,201,z3new/all
Slice/M2/clock/f_rec/SIM,proved,4,rodin
Slice/M2/clock/x_rec/SIM,proved,20,rodin
Slice/M2/clock/d_rec/SIM,proved,2,rodin
Slice/M2/clock/r_rec/SIM,proved,10,rodin
Slice/M2/clock/e_rec/SIM,proved,2,rodin
Slice/M2/clock/m1_rec/SIM,proved,2,rodin
Slice/M2/clock/m2_rec/SIM,proved,2,rodin
Slice/M2/clock/w_rec/SIM,proved,2,rodin
