RotLaps/M0/INITIALISATION/inv1/INV,proved,16,rodin
RotLaps/M0/tick/inv1/INV,proved,463,Z3/quick
RotLaps/M1/cover/THM,proved,33,Z3/quick
RotLaps/M1/INITIALISATION/inv1/INV,proved,277,Z3/all
RotLaps/M1/INITIALISATION/glue/INV,proved,28,rodin
RotLaps/M1/wrap/inv1/INV,proved,45,Z3/quick
RotLaps/M1/wrap/glue/INV,proved,208,Z3/quick CVC4/none
RotLaps/M1/step/inv1/INV,proved,70,Z3/quick
RotLaps/M1/step/glue/INV,proved,46,rodin
FieldInt/M0/INITIALISATION/fields/INV,proved,43,Z3/quick×3
FieldInt/M0/insert/fields/INV,proved,6,rodin
FieldInt/M1/INITIALISATION/word/INV,proved,28,Z3/quick
FieldInt/M1/INITIALISATION/glue/INV,proved,11,rodin
FieldInt/M1/insert/word/INV,proved,69,Z3/quick
FieldInt/M1/insert/glue/INV,proved,636,CVC3/all
FieldInt/M1/extract/grd1/GRD,proved,644,CVC3/all
DecodeInt/M0/INITIALISATION/fields/INV,proved,41,Z3/quick×3
DecodeInt/M0/set_rd/fields/INV,proved,9,rodin
DecodeInt/M1/INITIALISATION/word/INV,proved,29,Z3/quick
DecodeInt/M1/INITIALISATION/glue/INV,proved,12,rodin
DecodeInt/M1/decode/grd1/GRD,proved,3065,CVC4/all×2 CVC3/all×4
DecodeInt/M1/set_rd/word/INV,proved,41,Z3/quick
DecodeInt/M1/set_rd/glue/INV,proved,785,CVC3/all
AddInt/M0/INITIALISATION/words/INV,proved,22,Z3/quick
AddInt/M0/load/words/INV,proved,14,rodin
AddInt/M0/add/words/INV,proved,9,rodin
AddInt/M0/sub/words/INV,proved,9,rodin
AddInt/M1/add/grd1/GRD,proved,218,Z3/quick×2
AddInt/M1/add/act1/SIM,proved,101,rodin
AddInt/M1/sub/grd1/GRD,proved,260,Z3/quick×3
AddInt/M1/sub/act1/SIM,proved,61,rodin
Shift/M0/INITIALISATION/words/INV,proved,33,Z3/quick
Shift/M0/load/words/INV,proved,2,rodin
Shift/M0/sll/words/INV,proved,29,rodin
Shift/M0/srl/words/INV,proved,38,Z3/quick
Shift/M1/sll/act1/SIM,proved,3764,CVC3/selected
Shift/M1/srl/act1/SIM,proved,48,Z3/quick
BridgeRegion/M0/INITIALISATION/outputs/INV,proved,24,Z3/quick
BridgeRegion/M0/eval/outputs/INV,proved,37,Z3/quick
BridgeRegion/M0/eval/act0/WD,proved,32,Z3/quick×2
BridgeRegion/M1/eval/act0/WD,proved,20,Z3/quick×2
BridgeRegion/M1/eval/act0/SIM,proved,24,Z3/quick
BridgeAluGates/M0/INITIALISATION/word/INV,proved,54,Z3/quick
BridgeAluGates/M0/add/word/INV,proved,94,Z3/quick
BridgeAluGates/M0/add/act1/WD,proved,78,Z3/quick×2
BridgeAluGates/M0/sub/word/INV,proved,67,Z3/quick
BridgeAluGates/M0/sub/act1/WD,proved,412,Z3/quick×2
BridgeAluGates/M0/sll/word/INV,proved,444,Z3/quick
BridgeAluGates/M0/sll/act1/WD,proved,2801,Z3/quick×62
BridgeAluGates/M0/slt/word/INV,proved,392,Z3/quick
BridgeAluGates/M0/slt/act1/WD,proved,159,Z3/quick×2
BridgeAluGates/M0/sltu/word/INV,proved,106,Z3/quick
BridgeAluGates/M0/sltu/act1/WD,proved,102,Z3/quick×2
BridgeAluGates/M0/xor/word/INV,proved,469,Z3/quick
BridgeAluGates/M0/srl/word/INV,proved,481,Z3/quick
BridgeAluGates/M0/srl/act1/WD,proved,2405,Z3/quick×62
BridgeAluGates/M0/sra/word/INV,proved,694,Z3/quick
BridgeAluGates/M0/sra/act1/WD,proved,2333,Z3/quick×62
BridgeAluGates/M0/or/word/INV,proved,307,Z3/quick
BridgeAluGates/M0/and/word/INV,proved,310,Z3/quick
BridgeAluGates/M1/sll_1_0/op/GRD,proved,59,rodin
BridgeAluGates/M1/sll_1_1/op/GRD,proved,67,rodin
BridgeAluGates/M1/slt_2_0/op/GRD,proved,46,rodin
BridgeAluGates/M1/slt_2_1/op/GRD,proved,52,rodin
BridgeAluGates/M1/sltu_3_0/op/GRD,proved,25,rodin
BridgeAluGates/M1/sltu_3_1/op/GRD,proved,26,rodin
BridgeAluGates/M1/xor_4_0/op/GRD,proved,216,rodin
BridgeAluGates/M1/xor_4_1/op/GRD,proved,260,rodin
BridgeAluGates/M1/sra_5_1/act1/WD,proved,1413,Z3/quick×62
BridgeAluGates/M1/sra_5_1/act1/SIM,proved,619,Z3/quick
BridgeAluGates/M1/or_6_0/op/GRD,proved,79,rodin
BridgeAluGates/M1/or_6_1/op/GRD,proved,48,rodin
BridgeAluGates/M1/and_7_0/op/GRD,proved,50,rodin
BridgeAluGates/M1/and_7_1/op/GRD,proved,70,rodin
