Slice_ring/M0/INITIALISATION/turn_type/INV,proved,9,rodin
Slice_ring/M0/INITIALISATION/val_type/INV,proved,4,rodin
Slice_ring/M0/INITIALISATION/init_turn/FIS,proved,6,rodin
Slice_ring/M0/INITIALISATION/init_val/FIS,proved,11,rodin
Slice_ring/M0/reset/turn_type/INV,proved,112,z3new/quick
Slice_ring/M0/reset/val_type/INV,proved,110,z3new/quick
Slice_ring/M0/step/next/WD,proved,130,z3new/quick×2
Slice_ring/M0/step/thread/THM,proved,409,z3a2/all
Slice_ring/M0/step/turn_type/INV,proved,8,rodin
Slice_ring/M0/step/val_type/INV,proved,644,z3new/quick
Slice_ring/M0/step/own/WD,proved,769,z3new/quick z3a2/all
Slice_ring/M1/INITIALISATION/val'/WFIS,proved,1489,split(ae5)
Slice_ring/M1/INITIALISATION/rot_type/INV,proved,27,rodin
Slice_ring/M1/INITIALISATION/f_rec_type/INV,proved,17,rodin
Slice_ring/M1/INITIALISATION/x_rec_type/INV,proved,6,rodin
Slice_ring/M1/INITIALISATION/d_rec_type/INV,proved,19,rodin
Slice_ring/M1/INITIALISATION/r_rec_type/INV,proved,1,rodin
Slice_ring/M1/INITIALISATION/e_rec_type/INV,proved,6,rodin
Slice_ring/M1/INITIALISATION/m1_rec_type/INV,proved,32,rodin
Slice_ring/M1/INITIALISATION/m2_rec_type/INV,proved,6,rodin
Slice_ring/M1/INITIALISATION/w_rec_type/INV,proved,2,rodin
Slice_ring/M1/INITIALISATION/turn_rot/INV,proved,5,rodin
Slice_ring/M1/INITIALISATION/where_0/INV,proved,29,rodin
Slice_ring/M1/INITIALISATION/where_1/INV,proved,36,rodin
Slice_ring/M1/INITIALISATION/where_2/INV,proved,15,rodin
Slice_ring/M1/INITIALISATION/where_3/INV,proved,46,rodin
Slice_ring/M1/INITIALISATION/where_4/INV,proved,7,rodin
Slice_ring/M1/INITIALISATION/where_5/INV,proved,33,rodin
Slice_ring/M1/INITIALISATION/where_6/INV,proved,35,rodin
Slice_ring/M1/INITIALISATION/where_7/INV,proved,11,rodin
Slice_ring/M1/INITIALISATION/init_rot/FIS,proved,15,rodin
Slice_ring/M1/INITIALISATION/init_f_rec/FIS,proved,5,rodin
Slice_ring/M1/INITIALISATION/init_x_rec/FIS,proved,3,rodin
Slice_ring/M1/INITIALISATION/init_d_rec/FIS,proved,15,rodin
Slice_ring/M1/INITIALISATION/init_r_rec/FIS,proved,6,rodin
Slice_ring/M1/INITIALISATION/init_e_rec/FIS,proved,2,rodin
Slice_ring/M1/INITIALISATION/init_m1_rec/FIS,proved,9,rodin
Slice_ring/M1/INITIALISATION/init_m2_rec/FIS,proved,3,rodin
Slice_ring/M1/INITIALISATION/init_w_rec/FIS,proved,4,rodin
Slice_ring/M1/INITIALISATION/init_turn/SIM,proved,9,rodin
Slice_ring/M1/INITIALISATION/init_val/SIM,proved,193,z3new/quick
Slice_ring/M1/reset/rot_type/INV,proved,32,z3new/quick
Slice_ring/M1/reset/f_rec_type/INV,proved,29,z3new/quick
Slice_ring/M1/reset/x_rec_type/INV,proved,35,z3new/quick
Slice_ring/M1/reset/d_rec_type/INV,proved,34,z3new/quick
Slice_ring/M1/reset/r_rec_type/INV,proved,45,z3new/quick
Slice_ring/M1/reset/e_rec_type/INV,proved,46,z3new/quick
Slice_ring/M1/reset/m1_rec_type/INV,proved,78,z3new/quick
Slice_ring/M1/reset/m2_rec_type/INV,proved,73,z3new/quick
Slice_ring/M1/reset/w_rec_type/INV,proved,54,z3new/quick
Slice_ring/M1/reset/turn_rot/INV,proved,8,rodin
Slice_ring/M1/reset/where_0/INV,proved,66,z3new/quick
Slice_ring/M1/reset/where_1/INV,proved,7,rodin
Slice_ring/M1/reset/where_2/INV,proved,11,rodin
Slice_ring/M1/reset/where_3/INV,proved,8,rodin
Slice_ring/M1/reset/where_4/INV,proved,10,rodin
Slice_ring/M1/reset/where_5/INV,proved,10,rodin
Slice_ring/M1/reset/where_6/INV,proved,12,rodin
Slice_ring/M1/reset/where_7/INV,proved,4,rodin
Slice_ring/M1/clock/t/WWD,proved,63,z3new/quick×2
Slice_ring/M1/clock/rot_type/INV,proved,50,z3new/quick
Slice_ring/M1/clock/f_rec_type/INV,proved,318,z3a2/all
Slice_ring/M1/clock/x_rec_type/INV,proved,5,rodin
Slice_ring/M1/clock/d_rec_type/INV,proved,11,rodin
Slice_ring/M1/clock/r_rec_type/INV,proved,12,rodin
Slice_ring/M1/clock/e_rec_type/INV,proved,6,rodin
Slice_ring/M1/clock/m1_rec_type/INV,proved,7,rodin
Slice_ring/M1/clock/m2_rec_type/INV,proved,7,rodin
Slice_ring/M1/clock/w_rec_type/INV,proved,13,rodin
Slice_ring/M1/clock/turn_rot/INV,proved,16,rodin
Slice_ring/M1/clock/where_0/INV,proved,3799,split(rot)
Slice_ring/M1/clock/where_1/INV,proved,4118,split(rot)
Slice_ring/M1/clock/where_2/INV,proved,3796,split(rot)
Slice_ring/M1/clock/where_3/INV,proved,3760,split(rot)
Slice_ring/M1/clock/where_4/INV,proved,3326,split(rot)
Slice_ring/M1/clock/where_5/INV,proved,3695,split(rot)
Slice_ring/M1/clock/where_6/INV,proved,3675,split(rot)
Slice_ring/M1/clock/where_7/INV,proved,3649,split(rot)
Slice_ring/M1/clock/next/GRD,proved,494,z3a2/all
Slice_ring/M1/clock/rot/WD,proved,178,z3new/quick×2
Slice_ring/M1/clock/f_rec/WD,proved,129,z3new/quick×2
Slice_ring/M2/INITIALISATION/d_rec_width/INV,proved,17,rodin
Slice_ring/M2/INITIALISATION/e_rec_width/INV,proved,12,rodin
Slice_ring/M2/INITIALISATION/f_rec_width/INV,proved,11,rodin
Slice_ring/M2/INITIALISATION/m1_rec_width/INV,proved,8,rodin
Slice_ring/M2/INITIALISATION/m2_rec_width/INV,proved,13,rodin
Slice_ring/M2/INITIALISATION/r_rec_width/INV,proved,9,rodin
Slice_ring/M2/INITIALISATION/rot_width/INV,proved,1,rodin
Slice_ring/M2/INITIALISATION/w_rec_width/INV,proved,3,rodin
Slice_ring/M2/INITIALISATION/x_rec_width/INV,proved,1,rodin
Slice_ring/M2/reset/d_rec_width/INV,proved,48,z3new/quick
Slice_ring/M2/reset/e_rec_width/INV,proved,46,z3new/quick
Slice_ring/M2/reset/f_rec_width/INV,proved,44,z3new/quick
Slice_ring/M2/reset/m1_rec_width/INV,proved,47,z3new/quick
Slice_ring/M2/reset/m2_rec_width/INV,proved,58,z3new/quick
Slice_ring/M2/reset/r_rec_width/INV,proved,71,z3new/quick
Slice_ring/M2/reset/rot_width/INV,proved,83,z3new/quick
Slice_ring/M2/reset/w_rec_width/INV,proved,67,z3new/quick
Slice_ring/M2/reset/x_rec_width/INV,proved,43,z3new/quick
Slice_ring/M2/reset/d_rec/WD,proved,40,z3new/quick
Slice_ring/M2/reset/e_rec/WD,proved,57,z3new/quick
Slice_ring/M2/reset/f_rec/WD,proved,96,z3new/quick×3
Slice_ring/M2/reset/m1_rec/WD,proved,31,z3new/quick
Slice_ring/M2/reset/m2_rec/WD,proved,52,z3new/quick
Slice_ring/M2/reset/r_rec/WD,proved,26,z3new/quick
Slice_ring/M2/reset/rot/WD,proved,166,z3new/quick×7
Slice_ring/M2/reset/w_rec/WD,proved,30,z3new/quick
Slice_ring/M2/reset/x_rec/WD,proved,43,z3new/quick
Slice_ring/M2/reset/reset_rot/SIM,proved,58,z3new/quick
Slice_ring/M2/reset/reset_f_rec/SIM,proved,11,rodin
Slice_ring/M2/reset/reset_x_rec/SIM,proved,3,rodin
Slice_ring/M2/reset/reset_d_rec/SIM,proved,14,rodin
Slice_ring/M2/reset/reset_r_rec/SIM,proved,3,rodin
Slice_ring/M2/reset/reset_e_rec/SIM,proved,6,rodin
Slice_ring/M2/reset/reset_m1_rec/SIM,proved,9,rodin
Slice_ring/M2/reset/reset_m2_rec/SIM,proved,5,rodin
Slice_ring/M2/reset/reset_w_rec/SIM,proved,14,rodin
Slice_ring/M2/clock/d_rec_width/INV,proved,11,rodin
Slice_ring/M2/clock/e_rec_width/INV,proved,9,rodin
Slice_ring/M2/clock/f_rec_width/INV,proved,354,z3a2/all
Slice_ring/M2/clock/m1_rec_width/INV,proved,2,rodin
Slice_ring/M2/clock/m2_rec_width/INV,proved,9,rodin
Slice_ring/M2/clock/r_rec_width/INV,proved,9,rodin
Slice_ring/M2/clock/rot_width/INV,proved,74,z3new/quick
Slice_ring/M2/clock/w_rec_width/INV,proved,5,rodin
Slice_ring/M2/clock/x_rec_width/INV,proved,3,rodin
Slice_ring/M2/clock/d_rec/WD,proved,36,z3new/quick
Slice_ring/M2/clock/e_rec/WD,proved,64,z3new/quick
Slice_ring/M2/clock/f_rec/WD,proved,75,z3new/quick×3
Slice_ring/M2/clock/m1_rec/WD,proved,78,z3new/quick
Slice_ring/M2/clock/m2_rec/WD,proved,63,z3new/quick
Slice_ring/M2/clock/r_rec/WD,proved,73,z3new/quick
Slice_ring/M2/clock/rot/WD,proved,255,z3new/quick×7
Slice_ring/M2/clock/w_rec/WD,proved,76,z3new/quick
Slice_ring/M2/clock/x_rec/WD,proved,58,z3new/quick
Slice_ring/M2/clock/rot/SIM,proved,254,z3a2/all
Slice_ring/M2/clock/f_rec/SIM,proved,9,rodin
Slice_ring/M2/clock/x_rec/SIM,proved,8,rodin
Slice_ring/M2/clock/d_rec/SIM,proved,8,rodin
Slice_ring/M2/clock/r_rec/SIM,proved,3,rodin
Slice_ring/M2/clock/e_rec/SIM,proved,9,rodin
Slice_ring/M2/clock/m1_rec/SIM,proved,7,rodin
Slice_ring/M2/clock/m2_rec/SIM,proved,6,rodin
Slice_ring/M2/clock/w_rec/SIM,proved,8,rodin
Slice_wrap6/M0/INITIALISATION/turn_type/INV,proved,3,rodin
Slice_wrap6/M0/INITIALISATION/val_type/INV,proved,6,rodin
Slice_wrap6/M0/INITIALISATION/init_turn/FIS,proved,10,rodin
Slice_wrap6/M0/INITIALISATION/init_val/FIS,proved,9,rodin
Slice_wrap6/M0/reset/turn_type/INV,proved,32,z3new/quick
Slice_wrap6/M0/reset/val_type/INV,proved,50,z3new/quick
Slice_wrap6/M0/step/next/WD,proved,32,z3new/quick×2
Slice_wrap6/M0/step/thread/THM,proved,350,z3a2/all
Slice_wrap6/M0/step/turn_type/INV,proved,1,rodin
Slice_wrap6/M0/step/val_type/INV,proved,580,z3new/quick
Slice_wrap6/M0/step/own/WD,proved,715,z3new/quick split(turn)
Slice_wrap6/M1/INITIALISATION/val'/WFIS,proved,1359,split(ae5)
Slice_wrap6/M1/INITIALISATION/rot_type/INV,proved,13,rodin
Slice_wrap6/M1/INITIALISATION/f_rec_type/INV,proved,9,rodin
Slice_wrap6/M1/INITIALISATION/x_rec_type/INV,proved,7,rodin
Slice_wrap6/M1/INITIALISATION/d_rec_type/INV,proved,16,rodin
Slice_wrap6/M1/INITIALISATION/r_rec_type/INV,proved,1,rodin
Slice_wrap6/M1/INITIALISATION/e_rec_type/INV,proved,1,rodin
Slice_wrap6/M1/INITIALISATION/m1_rec_type/INV,proved,3,rodin
Slice_wrap6/M1/INITIALISATION/m2_rec_type/INV,proved,0,rodin
Slice_wrap6/M1/INITIALISATION/w_rec_type/INV,proved,1,rodin
Slice_wrap6/M1/INITIALISATION/turn_rot/INV,proved,25,rodin
Slice_wrap6/M1/INITIALISATION/where_0/INV,proved,2,rodin
Slice_wrap6/M1/INITIALISATION/where_1/INV,proved,10,rodin
Slice_wrap6/M1/INITIALISATION/where_2/INV,proved,3,rodin
Slice_wrap6/M1/INITIALISATION/where_3/INV,proved,3,rodin
Slice_wrap6/M1/INITIALISATION/where_4/INV,proved,15,rodin
Slice_wrap6/M1/INITIALISATION/where_5/INV,proved,11,rodin
Slice_wrap6/M1/INITIALISATION/where_6/INV,proved,3,rodin
Slice_wrap6/M1/INITIALISATION/where_7/INV,proved,12,rodin
Slice_wrap6/M1/INITIALISATION/init_rot/FIS,proved,3,rodin
Slice_wrap6/M1/INITIALISATION/init_f_rec/FIS,proved,5,rodin
Slice_wrap6/M1/INITIALISATION/init_x_rec/FIS,proved,12,rodin
Slice_wrap6/M1/INITIALISATION/init_d_rec/FIS,proved,1,rodin
Slice_wrap6/M1/INITIALISATION/init_r_rec/FIS,proved,14,rodin
Slice_wrap6/M1/INITIALISATION/init_e_rec/FIS,proved,13,rodin
Slice_wrap6/M1/INITIALISATION/init_m1_rec/FIS,proved,1,rodin
Slice_wrap6/M1/INITIALISATION/init_m2_rec/FIS,proved,1,rodin
Slice_wrap6/M1/INITIALISATION/init_w_rec/FIS,proved,7,rodin
Slice_wrap6/M1/INITIALISATION/init_turn/SIM,proved,5,rodin
Slice_wrap6/M1/INITIALISATION/init_val/SIM,proved,184,z3new/quick
Slice_wrap6/M1/reset/rot_type/INV,proved,53,z3new/quick
Slice_wrap6/M1/reset/f_rec_type/INV,proved,54,z3new/quick
Slice_wrap6/M1/reset/x_rec_type/INV,proved,48,z3new/quick
Slice_wrap6/M1/reset/d_rec_type/INV,proved,42,z3new/quick
Slice_wrap6/M1/reset/r_rec_type/INV,proved,39,z3new/quick
Slice_wrap6/M1/reset/e_rec_type/INV,proved,83,z3new/quick
Slice_wrap6/M1/reset/m1_rec_type/INV,proved,46,z3new/quick
Slice_wrap6/M1/reset/m2_rec_type/INV,proved,30,z3new/quick
Slice_wrap6/M1/reset/w_rec_type/INV,proved,38,z3new/quick
Slice_wrap6/M1/reset/turn_rot/INV,proved,4,rodin
Slice_wrap6/M1/reset/where_0/INV,proved,33,z3new/quick
Slice_wrap6/M1/reset/where_1/INV,proved,2,rodin
Slice_wrap6/M1/reset/where_2/INV,proved,7,rodin
Slice_wrap6/M1/reset/where_3/INV,proved,18,rodin
Slice_wrap6/M1/reset/where_4/INV,proved,3,rodin
Slice_wrap6/M1/reset/where_5/INV,proved,22,rodin
Slice_wrap6/M1/reset/where_6/INV,proved,17,rodin
Slice_wrap6/M1/reset/where_7/INV,proved,2,rodin
Slice_wrap6/M1/clock/t/WWD,proved,25,z3new/quick×2
Slice_wrap6/M1/clock/rot_type/INV,proved,27,z3new/quick
Slice_wrap6/M1/clock/f_rec_type/INV,proved,298,cvc5/all
Slice_wrap6/M1/clock/x_rec_type/INV,proved,3,rodin
Slice_wrap6/M1/clock/d_rec_type/INV,proved,8,rodin
Slice_wrap6/M1/clock/r_rec_type/INV,proved,1,rodin
Slice_wrap6/M1/clock/e_rec_type/INV,proved,1,rodin
Slice_wrap6/M1/clock/m1_rec_type/INV,proved,1,rodin
Slice_wrap6/M1/clock/m2_rec_type/INV,proved,3,rodin
Slice_wrap6/M1/clock/w_rec_type/INV,proved,8,rodin
Slice_wrap6/M1/clock/turn_rot/INV,proved,10,rodin
Slice_wrap6/M1/clock/where_0/INV,proved,3649,split(rot)
Slice_wrap6/M1/clock/where_1/INV,proved,3992,split(rot)
Slice_wrap6/M1/clock/where_2/INV,proved,3673,split(rot)
Slice_wrap6/M1/clock/where_3/INV,proved,3340,split(rot)
Slice_wrap6/M1/clock/where_4/INV,proved,3960,split(rot)
Slice_wrap6/M1/clock/where_5/INV,proved,3984,split(rot)
Slice_wrap6/M1/clock/where_6/INV,proved,3945,split(rot)
Slice_wrap6/M1/clock/where_7/INV,proved,3668,split(rot)
Slice_wrap6/M1/clock/next/GRD,proved,246,z3new/all
Slice_wrap6/M1/clock/rot/WD,proved,57,z3new/quick×2
Slice_wrap6/M1/clock/f_rec/WD,proved,58,z3new/quick×2
Slice_wrap6/M2/INITIALISATION/d_rec_width/INV,proved,9,rodin
Slice_wrap6/M2/INITIALISATION/e_rec_width/INV,proved,11,rodin
Slice_wrap6/M2/INITIALISATION/f_rec_width/INV,proved,5,rodin
Slice_wrap6/M2/INITIALISATION/m1_rec_width/INV,proved,8,rodin
Slice_wrap6/M2/INITIALISATION/m2_rec_width/INV,proved,1,rodin
Slice_wrap6/M2/INITIALISATION/r_rec_width/INV,proved,4,rodin
Slice_wrap6/M2/INITIALISATION/rot_width/INV,proved,1,rodin
Slice_wrap6/M2/INITIALISATION/w_rec_width/INV,proved,10,rodin
Slice_wrap6/M2/INITIALISATION/x_rec_width/INV,proved,3,rodin
Slice_wrap6/M2/reset/d_rec_width/INV,proved,29,z3new/quick
Slice_wrap6/M2/reset/e_rec_width/INV,proved,31,z3new/quick
Slice_wrap6/M2/reset/f_rec_width/INV,proved,25,z3new/quick
Slice_wrap6/M2/reset/m1_rec_width/INV,proved,28,z3new/quick
Slice_wrap6/M2/reset/m2_rec_width/INV,proved,24,z3new/quick
Slice_wrap6/M2/reset/r_rec_width/INV,proved,25,z3new/quick
Slice_wrap6/M2/reset/rot_width/INV,proved,36,z3new/quick
Slice_wrap6/M2/reset/w_rec_width/INV,proved,26,z3new/quick
Slice_wrap6/M2/reset/x_rec_width/INV,proved,27,z3new/quick
Slice_wrap6/M2/reset/d_rec/WD,proved,29,z3new/quick
Slice_wrap6/M2/reset/e_rec/WD,proved,35,z3new/quick
Slice_wrap6/M2/reset/f_rec/WD,proved,78,z3new/quick×3
Slice_wrap6/M2/reset/m1_rec/WD,proved,33,z3new/quick
Slice_wrap6/M2/reset/m2_rec/WD,proved,23,z3new/quick
Slice_wrap6/M2/reset/r_rec/WD,proved,28,z3new/quick
Slice_wrap6/M2/reset/rot/WD,proved,119,z3new/quick×7
Slice_wrap6/M2/reset/w_rec/WD,proved,20,z3new/quick
Slice_wrap6/M2/reset/x_rec/WD,proved,24,z3new/quick
Slice_wrap6/M2/reset/reset_rot/SIM,proved,46,z3new/quick
Slice_wrap6/M2/reset/reset_f_rec/SIM,proved,4,rodin
Slice_wrap6/M2/reset/reset_x_rec/SIM,proved,5,rodin
Slice_wrap6/M2/reset/reset_d_rec/SIM,proved,7,rodin
Slice_wrap6/M2/reset/reset_r_rec/SIM,proved,2,rodin
Slice_wrap6/M2/reset/reset_e_rec/SIM,proved,6,rodin
Slice_wrap6/M2/reset/reset_m1_rec/SIM,proved,2,rodin
Slice_wrap6/M2/reset/reset_m2_rec/SIM,proved,2,rodin
Slice_wrap6/M2/reset/reset_w_rec/SIM,proved,6,rodin
Slice_wrap6/M2/clock/d_rec_width/INV,proved,5,rodin
Slice_wrap6/M2/clock/e_rec_width/INV,proved,5,rodin
Slice_wrap6/M2/clock/f_rec_width/INV,proved,257,cvc5/all
Slice_wrap6/M2/clock/m1_rec_width/INV,proved,2,rodin
Slice_wrap6/M2/clock/m2_rec_width/INV,proved,5,rodin
Slice_wrap6/M2/clock/r_rec_width/INV,proved,5,rodin
Slice_wrap6/M2/clock/rot_width/INV,proved,40,z3new/quick
Slice_wrap6/M2/clock/w_rec_width/INV,proved,2,rodin
Slice_wrap6/M2/clock/x_rec_width/INV,proved,2,rodin
Slice_wrap6/M2/clock/d_rec/WD,proved,27,z3new/quick
Slice_wrap6/M2/clock/e_rec/WD,proved,30,z3new/quick
Slice_wrap6/M2/clock/f_rec/WD,proved,160,z3new/quick×3
Slice_wrap6/M2/clock/m1_rec/WD,proved,71,z3new/quick
Slice_wrap6/M2/clock/m2_rec/WD,proved,55,z3new/quick
Slice_wrap6/M2/clock/r_rec/WD,proved,35,z3new/quick
Slice_wrap6/M2/clock/rot/WD,proved,157,z3new/quick×7
Slice_wrap6/M2/clock/w_rec/WD,proved,66,z3new/quick
Slice_wrap6/M2/clock/x_rec/WD,proved,26,z3new/quick
Slice_wrap6/M2/clock/rot/SIM,open,372,
Slice_wrap6/M2/clock/f_rec/SIM,proved,2,rodin
Slice_wrap6/M2/clock/x_rec/SIM,proved,2,rodin
Slice_wrap6/M2/clock/d_rec/SIM,proved,1,rodin
Slice_wrap6/M2/clock/r_rec/SIM,proved,3,rodin
Slice_wrap6/M2/clock/e_rec/SIM,proved,3,rodin
Slice_wrap6/M2/clock/m1_rec/SIM,proved,5,rodin
Slice_wrap6/M2/clock/m2_rec/SIM,proved,3,rodin
Slice_wrap6/M2/clock/w_rec/SIM,proved,6,rodin
Slice_wrongrec/M0/INITIALISATION/turn_type/INV,proved,6,rodin
Slice_wrongrec/M0/INITIALISATION/val_type/INV,proved,4,rodin
Slice_wrongrec/M0/INITIALISATION/init_turn/FIS,proved,3,rodin
Slice_wrongrec/M0/INITIALISATION/init_val/FIS,proved,4,rodin
Slice_wrongrec/M0/reset/turn_type/INV,proved,28,z3new/quick
Slice_wrongrec/M0/reset/val_type/INV,proved,28,z3new/quick
Slice_wrongrec/M0/step/next/WD,proved,25,z3new/quick×2
Slice_wrongrec/M0/step/thread/THM,proved,193,z3new/all
Slice_wrongrec/M0/step/turn_type/INV,proved,1,rodin
Slice_wrongrec/M0/step/val_type/INV,proved,483,z3new/quick
Slice_wrongrec/M0/step/own/WD,proved,639,z3new/quick split(turn)
Slice_wrongrec/M1/INITIALISATION/val'/WFIS,proved,1555,split(ae5)
Slice_wrongrec/M1/INITIALISATION/rot_type/INV,proved,8,rodin
Slice_wrongrec/M1/INITIALISATION/f_rec_type/INV,proved,8,rodin
Slice_wrongrec/M1/INITIALISATION/x_rec_type/INV,proved,9,rodin
Slice_wrongrec/M1/INITIALISATION/d_rec_type/INV,proved,6,rodin
Slice_wrongrec/M1/INITIALISATION/r_rec_type/INV,proved,1,rodin
Slice_wrongrec/M1/INITIALISATION/e_rec_type/INV,proved,2,rodin
Slice_wrongrec/M1/INITIALISATION/m1_rec_type/INV,proved,3,rodin
Slice_wrongrec/M1/INITIALISATION/m2_rec_type/INV,proved,0,rodin
Slice_wrongrec/M1/INITIALISATION/w_rec_type/INV,proved,2,rodin
Slice_wrongrec/M1/INITIALISATION/turn_rot/INV,proved,2,rodin
Slice_wrongrec/M1/INITIALISATION/where_0/INV,proved,8,rodin
Slice_wrongrec/M1/INITIALISATION/where_1/INV,proved,10,rodin
Slice_wrongrec/M1/INITIALISATION/where_2/INV,proved,4,rodin
Slice_wrongrec/M1/INITIALISATION/where_3/INV,proved,3,rodin
Slice_wrongrec/M1/INITIALISATION/where_4/INV,proved,8,rodin
Slice_wrongrec/M1/INITIALISATION/where_5/INV,proved,2,rodin
Slice_wrongrec/M1/INITIALISATION/where_6/INV,proved,7,rodin
Slice_wrongrec/M1/INITIALISATION/where_7/INV,proved,3,rodin
Slice_wrongrec/M1/INITIALISATION/init_rot/FIS,proved,3,rodin
Slice_wrongrec/M1/INITIALISATION/init_f_rec/FIS,proved,5,rodin
Slice_wrongrec/M1/INITIALISATION/init_x_rec/FIS,proved,2,rodin
Slice_wrongrec/M1/INITIALISATION/init_d_rec/FIS,proved,3,rodin
Slice_wrongrec/M1/INITIALISATION/init_r_rec/FIS,proved,2,rodin
Slice_wrongrec/M1/INITIALISATION/init_e_rec/FIS,proved,2,rodin
Slice_wrongrec/M1/INITIALISATION/init_m1_rec/FIS,proved,4,rodin
Slice_wrongrec/M1/INITIALISATION/init_m2_rec/FIS,proved,4,rodin
Slice_wrongrec/M1/INITIALISATION/init_w_rec/FIS,proved,2,rodin
Slice_wrongrec/M1/INITIALISATION/init_turn/SIM,proved,1,rodin
Slice_wrongrec/M1/INITIALISATION/init_val/SIM,proved,170,z3new/quick
Slice_wrongrec/M1/reset/rot_type/INV,proved,26,z3new/quick
Slice_wrongrec/M1/reset/f_rec_type/INV,proved,34,z3new/quick
Slice_wrongrec/M1/reset/x_rec_type/INV,proved,47,z3new/quick
Slice_wrongrec/M1/reset/d_rec_type/INV,proved,43,z3new/quick
Slice_wrongrec/M1/reset/r_rec_type/INV,proved,29,z3new/quick
Slice_wrongrec/M1/reset/e_rec_type/INV,proved,50,z3new/quick
Slice_wrongrec/M1/reset/m1_rec_type/INV,proved,27,z3new/quick
Slice_wrongrec/M1/reset/m2_rec_type/INV,proved,40,z3new/quick
Slice_wrongrec/M1/reset/w_rec_type/INV,proved,42,z3new/quick
Slice_wrongrec/M1/reset/turn_rot/INV,proved,2,rodin
Slice_wrongrec/M1/reset/where_0/INV,proved,31,z3new/quick
Slice_wrongrec/M1/reset/where_1/INV,proved,4,rodin
Slice_wrongrec/M1/reset/where_2/INV,proved,6,rodin
Slice_wrongrec/M1/reset/where_3/INV,proved,4,rodin
Slice_wrongrec/M1/reset/where_4/INV,proved,11,rodin
Slice_wrongrec/M1/reset/where_5/INV,proved,11,rodin
Slice_wrongrec/M1/reset/where_6/INV,proved,5,rodin
Slice_wrongrec/M1/reset/where_7/INV,proved,1,rodin
Slice_wrongrec/M1/clock/t/WWD,proved,37,z3new/quick×2
Slice_wrongrec/M1/clock/rot_type/INV,proved,21,z3new/quick
Slice_wrongrec/M1/clock/f_rec_type/INV,proved,252,z3new/all
Slice_wrongrec/M1/clock/x_rec_type/INV,proved,1,rodin
Slice_wrongrec/M1/clock/d_rec_type/INV,proved,1,rodin
Slice_wrongrec/M1/clock/r_rec_type/INV,proved,1,rodin
Slice_wrongrec/M1/clock/e_rec_type/INV,proved,1,rodin
Slice_wrongrec/M1/clock/m1_rec_type/INV,proved,1,rodin
Slice_wrongrec/M1/clock/m2_rec_type/INV,proved,1,rodin
Slice_wrongrec/M1/clock/w_rec_type/INV,proved,2,rodin
Slice_wrongrec/M1/clock/turn_rot/INV,proved,4,rodin
Slice_wrongrec/M1/clock/where_0/INV,proved,3705,split(rot)
Slice_wrongrec/M1/clock/where_1/INV,proved,3942,split(rot)
Slice_wrongrec/M1/clock/where_2/INV,proved,3644,split(rot)
Slice_wrongrec/M1/clock/where_3/INV,proved,3709,split(rot)
Slice_wrongrec/M1/clock/where_4/INV,proved,3596,split(rot)
Slice_wrongrec/M1/clock/where_5/INV,proved,3346,split(rot)
Slice_wrongrec/M1/clock/where_6/INV,proved,3593,split(rot)
Slice_wrongrec/M1/clock/where_7/INV,proved,3659,split(rot)
Slice_wrongrec/M1/clock/next/GRD,proved,243,z3new/all
Slice_wrongrec/M1/clock/rot/WD,proved,76,z3new/quick×2
Slice_wrongrec/M1/clock/f_rec/WD,proved,33,z3new/quick×2
Slice_wrongrec/M2/INITIALISATION/d_rec_width/INV,proved,8,rodin
Slice_wrongrec/M2/INITIALISATION/e_rec_width/INV,proved,11,rodin
Slice_wrongrec/M2/INITIALISATION/f_rec_width/INV,proved,7,rodin
Slice_wrongrec/M2/INITIALISATION/m1_rec_width/INV,proved,5,rodin
Slice_wrongrec/M2/INITIALISATION/m2_rec_width/INV,proved,4,rodin
Slice_wrongrec/M2/INITIALISATION/r_rec_width/INV,proved,2,rodin
Slice_wrongrec/M2/INITIALISATION/rot_width/INV,proved,6,rodin
Slice_wrongrec/M2/INITIALISATION/w_rec_width/INV,proved,3,rodin
Slice_wrongrec/M2/INITIALISATION/x_rec_width/INV,proved,1,rodin
Slice_wrongrec/M2/reset/d_rec_width/INV,proved,44,z3new/quick
Slice_wrongrec/M2/reset/e_rec_width/INV,proved,28,z3new/quick
Slice_wrongrec/M2/reset/f_rec_width/INV,proved,30,z3new/quick
Slice_wrongrec/M2/reset/m1_rec_width/INV,proved,32,z3new/quick
Slice_wrongrec/M2/reset/m2_rec_width/INV,proved,34,z3new/quick
Slice_wrongrec/M2/reset/r_rec_width/INV,proved,35,z3new/quick
Slice_wrongrec/M2/reset/rot_width/INV,proved,32,z3new/quick
Slice_wrongrec/M2/reset/w_rec_width/INV,proved,20,z3new/quick
Slice_wrongrec/M2/reset/x_rec_width/INV,proved,34,z3new/quick
Slice_wrongrec/M2/reset/d_rec/WD,proved,20,z3new/quick
Slice_wrongrec/M2/reset/e_rec/WD,proved,30,z3new/quick
Slice_wrongrec/M2/reset/f_rec/WD,proved,51,z3new/quick×3
Slice_wrongrec/M2/reset/m1_rec/WD,proved,26,z3new/quick
Slice_wrongrec/M2/reset/m2_rec/WD,proved,23,z3new/quick
Slice_wrongrec/M2/reset/r_rec/WD,proved,24,z3new/quick
Slice_wrongrec/M2/reset/rot/WD,proved,93,z3new/quick×7
Slice_wrongrec/M2/reset/w_rec/WD,proved,21,z3new/quick
Slice_wrongrec/M2/reset/x_rec/WD,proved,24,z3new/quick
Slice_wrongrec/M2/reset/reset_rot/SIM,proved,33,z3new/quick
Slice_wrongrec/M2/reset/reset_f_rec/SIM,proved,2,rodin
Slice_wrongrec/M2/reset/reset_x_rec/SIM,proved,11,rodin
Slice_wrongrec/M2/reset/reset_d_rec/SIM,proved,1,rodin
Slice_wrongrec/M2/reset/reset_r_rec/SIM,proved,8,rodin
Slice_wrongrec/M2/reset/reset_e_rec/SIM,proved,4,rodin
Slice_wrongrec/M2/reset/reset_m1_rec/SIM,proved,16,rodin
Slice_wrongrec/M2/reset/reset_m2_rec/SIM,proved,5,rodin
Slice_wrongrec/M2/reset/reset_w_rec/SIM,proved,10,rodin
Slice_wrongrec/M2/clock/d_rec_width/INV,proved,4,rodin
Slice_wrongrec/M2/clock/e_rec_width/INV,proved,4,rodin
Slice_wrongrec/M2/clock/f_rec_width/INV,proved,304,cvc5/all
Slice_wrongrec/M2/clock/m1_rec_width/INV,proved,4,rodin
Slice_wrongrec/M2/clock/m2_rec_width/INV,proved,6,rodin
Slice_wrongrec/M2/clock/r_rec_width/INV,proved,4,rodin
Slice_wrongrec/M2/clock/rot_width/INV,proved,51,z3new/quick
Slice_wrongrec/M2/clock/w_rec_width/INV,proved,3,rodin
Slice_wrongrec/M2/clock/x_rec_width/INV,proved,7,rodin
Slice_wrongrec/M2/clock/d_rec/WD,proved,31,z3new/quick
Slice_wrongrec/M2/clock/e_rec/WD,proved,24,z3new/quick
Slice_wrongrec/M2/clock/f_rec/WD,proved,75,z3new/quick×3
Slice_wrongrec/M2/clock/m1_rec/WD,proved,42,z3new/quick
Slice_wrongrec/M2/clock/m2_rec/WD,proved,34,z3new/quick
Slice_wrongrec/M2/clock/r_rec/WD,proved,20,z3new/quick
Slice_wrongrec/M2/clock/rot/WD,proved,158,z3new/quick×7
Slice_wrongrec/M2/clock/w_rec/WD,proved,30,z3new/quick
Slice_wrongrec/M2/clock/x_rec/WD,proved,29,z3new/quick
Slice_wrongrec/M2/clock/rot/SIM,proved,236,z3new/all
Slice_wrongrec/M2/clock/f_rec/SIM,open,333,
Slice_wrongrec/M2/clock/x_rec/SIM,proved,3,rodin
Slice_wrongrec/M2/clock/d_rec/SIM,proved,2,rodin
Slice_wrongrec/M2/clock/r_rec/SIM,proved,2,rodin
Slice_wrongrec/M2/clock/e_rec/SIM,proved,2,rodin
Slice_wrongrec/M2/clock/m1_rec/SIM,proved,2,rodin
Slice_wrongrec/M2/clock/m2_rec/SIM,proved,2,rodin
Slice_wrongrec/M2/clock/w_rec/SIM,proved,1,rodin
Slice_reset/M0/INITIALISATION/turn_type/INV,proved,2,rodin
Slice_reset/M0/INITIALISATION/val_type/INV,proved,3,rodin
Slice_reset/M0/INITIALISATION/init_turn/FIS,proved,4,rodin
Slice_reset/M0/INITIALISATION/init_val/FIS,proved,4,rodin
Slice_reset/M0/reset/turn_type/INV,proved,35,z3new/quick
Slice_reset/M0/reset/val_type/INV,proved,36,z3new/quick
Slice_reset/M0/step/next/WD,proved,26,z3new/quick×2
Slice_reset/M0/step/thread/THM,proved,174,z3a2/all
Slice_reset/M0/step/turn_type/INV,proved,1,rodin
Slice_reset/M0/step/val_type/INV,proved,424,z3new/quick
Slice_reset/M0/step/own/WD,proved,636,z3new/quick split(turn)
Slice_reset/M1/INITIALISATION/val'/WFIS,proved,1445,split(ae5)
Slice_reset/M1/INITIALISATION/rot_type/INV,proved,9,rodin
Slice_reset/M1/INITIALISATION/f_rec_type/INV,proved,8,rodin
Slice_reset/M1/INITIALISATION/x_rec_type/INV,proved,6,rodin
Slice_reset/M1/INITIALISATION/d_rec_type/INV,proved,4,rodin
Slice_reset/M1/INITIALISATION/r_rec_type/INV,proved,1,rodin
Slice_reset/M1/INITIALISATION/e_rec_type/INV,proved,3,rodin
Slice_reset/M1/INITIALISATION/m1_rec_type/INV,proved,1,rodin
Slice_reset/M1/INITIALISATION/m2_rec_type/INV,proved,4,rodin
Slice_reset/M1/INITIALISATION/w_rec_type/INV,proved,2,rodin
Slice_reset/M1/INITIALISATION/turn_rot/INV,proved,4,rodin
Slice_reset/M1/INITIALISATION/where_0/INV,proved,4,rodin
Slice_reset/M1/INITIALISATION/where_1/INV,proved,11,rodin
Slice_reset/M1/INITIALISATION/where_2/INV,proved,12,rodin
Slice_reset/M1/INITIALISATION/where_3/INV,proved,3,rodin
Slice_reset/M1/INITIALISATION/where_4/INV,proved,4,rodin
Slice_reset/M1/INITIALISATION/where_5/INV,proved,13,rodin
Slice_reset/M1/INITIALISATION/where_6/INV,proved,4,rodin
Slice_reset/M1/INITIALISATION/where_7/INV,proved,7,rodin
Slice_reset/M1/INITIALISATION/init_rot/FIS,proved,2,rodin
Slice_reset/M1/INITIALISATION/init_f_rec/FIS,proved,3,rodin
Slice_reset/M1/INITIALISATION/init_x_rec/FIS,proved,4,rodin
Slice_reset/M1/INITIALISATION/init_d_rec/FIS,proved,3,rodin
Slice_reset/M1/INITIALISATION/init_r_rec/FIS,proved,3,rodin
Slice_reset/M1/INITIALISATION/init_e_rec/FIS,proved,7,rodin
Slice_reset/M1/INITIALISATION/init_m1_rec/FIS,proved,10,rodin
Slice_reset/M1/INITIALISATION/init_m2_rec/FIS,proved,1,rodin
Slice_reset/M1/INITIALISATION/init_w_rec/FIS,proved,3,rodin
Slice_reset/M1/INITIALISATION/init_turn/SIM,proved,1,rodin
Slice_reset/M1/INITIALISATION/init_val/SIM,proved,156,z3new/quick
Slice_reset/M1/reset/rot_type/INV,proved,31,z3new/quick
Slice_reset/M1/reset/f_rec_type/INV,proved,24,z3new/quick
Slice_reset/M1/reset/x_rec_type/INV,proved,22,z3new/quick
Slice_reset/M1/reset/d_rec_type/INV,proved,23,z3new/quick
Slice_reset/M1/reset/r_rec_type/INV,proved,33,z3new/quick
Slice_reset/M1/reset/e_rec_type/INV,proved,33,z3new/quick
Slice_reset/M1/reset/m1_rec_type/INV,proved,18,z3new/quick
Slice_reset/M1/reset/m2_rec_type/INV,proved,23,z3new/quick
Slice_reset/M1/reset/w_rec_type/INV,proved,27,z3new/quick
Slice_reset/M1/reset/turn_rot/INV,proved,1,rodin
Slice_reset/M1/reset/where_0/INV,proved,43,z3new/quick
Slice_reset/M1/reset/where_1/INV,proved,41,rodin
Slice_reset/M1/reset/where_2/INV,proved,18,rodin
Slice_reset/M1/reset/where_3/INV,proved,5,rodin
Slice_reset/M1/reset/where_4/INV,proved,7,rodin
Slice_reset/M1/reset/where_5/INV,proved,4,rodin
Slice_reset/M1/reset/where_6/INV,proved,14,rodin
Slice_reset/M1/reset/where_7/INV,proved,13,rodin
Slice_reset/M1/clock/t/WWD,proved,40,z3new/quick×2
Slice_reset/M1/clock/rot_type/INV,proved,25,z3new/quick
Slice_reset/M1/clock/f_rec_type/INV,proved,199,z3a2/all
Slice_reset/M1/clock/x_rec_type/INV,proved,2,rodin
Slice_reset/M1/clock/d_rec_type/INV,proved,2,rodin
Slice_reset/M1/clock/r_rec_type/INV,proved,3,rodin
Slice_reset/M1/clock/e_rec_type/INV,proved,4,rodin
Slice_reset/M1/clock/m1_rec_type/INV,proved,8,rodin
Slice_reset/M1/clock/m2_rec_type/INV,proved,2,rodin
Slice_reset/M1/clock/w_rec_type/INV,proved,4,rodin
Slice_reset/M1/clock/turn_rot/INV,proved,10,rodin
Slice_reset/M1/clock/where_0/INV,proved,3308,split(rot)
Slice_reset/M1/clock/where_1/INV,proved,3669,split(rot)
Slice_reset/M1/clock/where_2/INV,proved,3650,split(rot)
Slice_reset/M1/clock/where_3/INV,proved,3285,split(rot)
Slice_reset/M1/clock/where_4/INV,proved,3621,split(rot)
Slice_reset/M1/clock/where_5/INV,proved,3677,split(rot)
Slice_reset/M1/clock/where_6/INV,proved,3390,split(rot)
Slice_reset/M1/clock/where_7/INV,proved,3294,split(rot)
Slice_reset/M1/clock/next/GRD,proved,309,z3new/all
Slice_reset/M1/clock/rot/WD,proved,165,z3new/quick×2
Slice_reset/M1/clock/f_rec/WD,proved,127,z3new/quick×2
Slice_reset/M2/INITIALISATION/d_rec_width/INV,proved,7,rodin
Slice_reset/M2/INITIALISATION/e_rec_width/INV,proved,10,rodin
Slice_reset/M2/INITIALISATION/f_rec_width/INV,proved,8,rodin
Slice_reset/M2/INITIALISATION/m1_rec_width/INV,proved,7,rodin
Slice_reset/M2/INITIALISATION/m2_rec_width/INV,proved,6,rodin
Slice_reset/M2/INITIALISATION/r_rec_width/INV,proved,4,rodin
Slice_reset/M2/INITIALISATION/rot_width/INV,proved,2,rodin
Slice_reset/M2/INITIALISATION/w_rec_width/INV,proved,5,rodin
Slice_reset/M2/INITIALISATION/x_rec_width/INV,proved,3,rodin
Slice_reset/M2/reset/d_rec_width/INV,proved,24,z3new/quick
Slice_reset/M2/reset/e_rec_width/INV,proved,25,z3new/quick
Slice_reset/M2/reset/f_rec_width/INV,proved,29,z3new/quick
Slice_reset/M2/reset/m1_rec_width/INV,proved,30,z3new/quick
Slice_reset/M2/reset/m2_rec_width/INV,proved,19,z3new/quick
Slice_reset/M2/reset/r_rec_width/INV,proved,27,z3new/quick
Slice_reset/M2/reset/rot_width/INV,proved,25,z3new/quick
Slice_reset/M2/reset/w_rec_width/INV,proved,31,z3new/quick
Slice_reset/M2/reset/x_rec_width/INV,proved,19,z3new/quick
Slice_reset/M2/reset/d_rec/WD,proved,26,z3new/quick
Slice_reset/M2/reset/e_rec/WD,proved,22,z3new/quick
Slice_reset/M2/reset/f_rec/WD,proved,55,z3new/quick×3
Slice_reset/M2/reset/m1_rec/WD,proved,22,z3new/quick
Slice_reset/M2/reset/m2_rec/WD,proved,22,z3new/quick
Slice_reset/M2/reset/r_rec/WD,proved,30,z3new/quick
Slice_reset/M2/reset/rot/WD,proved,101,z3new/quick×7
Slice_reset/M2/reset/w_rec/WD,proved,21,z3new/quick
Slice_reset/M2/reset/x_rec/WD,proved,22,z3new/quick
Slice_reset/M2/reset/reset_rot/SIM,proved,26,z3new/quick
Slice_reset/M2/reset/reset_f_rec/SIM,open,200,
Slice_reset/M2/reset/reset_x_rec/SIM,proved,1,rodin
Slice_reset/M2/reset/reset_d_rec/SIM,proved,1,rodin
Slice_reset/M2/reset/reset_r_rec/SIM,proved,2,rodin
Slice_reset/M2/reset/reset_e_rec/SIM,proved,1,rodin
Slice_reset/M2/reset/reset_m1_rec/SIM,proved,2,rodin
Slice_reset/M2/reset/reset_m2_rec/SIM,proved,4,rodin
Slice_reset/M2/reset/reset_w_rec/SIM,proved,4,rodin
Slice_reset/M2/clock/d_rec_width/INV,proved,11,rodin
Slice_reset/M2/clock/e_rec_width/INV,proved,6,rodin
Slice_reset/M2/clock/f_rec_width/INV,proved,225,z3new/all
Slice_reset/M2/clock/m1_rec_width/INV,proved,1,rodin
Slice_reset/M2/clock/m2_rec_width/INV,proved,4,rodin
Slice_reset/M2/clock/r_rec_width/INV,proved,5,rodin
Slice_reset/M2/clock/rot_width/INV,proved,30,z3new/quick
Slice_reset/M2/clock/w_rec_width/INV,proved,2,rodin
Slice_reset/M2/clock/x_rec_width/INV,proved,1,rodin
Slice_reset/M2/clock/d_rec/WD,proved,29,z3new/quick
Slice_reset/M2/clock/e_rec/WD,proved,30,z3new/quick
Slice_reset/M2/clock/f_rec/WD,proved,109,z3new/quick×3
Slice_reset/M2/clock/m1_rec/WD,proved,52,z3new/quick
Slice_reset/M2/clock/m2_rec/WD,proved,37,z3new/quick
Slice_reset/M2/clock/r_rec/WD,proved,34,z3new/quick
Slice_reset/M2/clock/rot/WD,proved,113,z3new/quick×7
Slice_reset/M2/clock/w_rec/WD,proved,29,z3new/quick
Slice_reset/M2/clock/x_rec/WD,proved,20,z3new/quick
Slice_reset/M2/clock/rot/SIM,proved,142,z3new/all
Slice_reset/M2/clock/f_rec/SIM,proved,5,rodin
Slice_reset/M2/clock/x_rec/SIM,proved,4,rodin
Slice_reset/M2/clock/d_rec/SIM,proved,2,rodin
Slice_reset/M2/clock/r_rec/SIM,proved,9,rodin
Slice_reset/M2/clock/e_rec/SIM,proved,4,rodin
Slice_reset/M2/clock/m1_rec/SIM,proved,1,rodin
Slice_reset/M2/clock/m2_rec/SIM,proved,4,rodin
Slice_reset/M2/clock/w_rec/SIM,proved,1,rodin
Slice_control/M0/INITIALISATION/turn_type/INV,proved,2,rodin
Slice_control/M0/INITIALISATION/val_type/INV,proved,3,rodin
Slice_control/M0/INITIALISATION/init_turn/FIS,proved,3,rodin
Slice_control/M0/INITIALISATION/init_val/FIS,proved,4,rodin
Slice_control/M0/reset/turn_type/INV,proved,24,z3new/quick
Slice_control/M0/reset/val_type/INV,proved,26,z3new/quick
Slice_control/M0/step/next/WD,proved,25,z3new/quick×2
Slice_control/M0/step/thread/THM,proved,153,z3new/all
Slice_control/M0/step/turn_type/INV,proved,1,rodin
Slice_control/M0/step/val_type/INV,proved,420,z3new/quick
Slice_control/M0/step/own/WD,proved,609,z3new/quick split(turn)
Slice_control/M1/INITIALISATION/val'/WFIS,proved,1429,split(ae5)
Slice_control/M1/INITIALISATION/rot_type/INV,proved,9,rodin
Slice_control/M1/INITIALISATION/f_rec_type/INV,proved,8,rodin
Slice_control/M1/INITIALISATION/x_rec_type/INV,proved,7,rodin
Slice_control/M1/INITIALISATION/d_rec_type/INV,proved,3,rodin
Slice_control/M1/INITIALISATION/r_rec_type/INV,proved,1,rodin
Slice_control/M1/INITIALISATION/e_rec_type/INV,proved,10,rodin
Slice_control/M1/INITIALISATION/m1_rec_type/INV,proved,7,rodin
Slice_control/M1/INITIALISATION/m2_rec_type/INV,proved,1,rodin
Slice_control/M1/INITIALISATION/w_rec_type/INV,proved,0,rodin
Slice_control/M1/INITIALISATION/turn_rot/INV,proved,1,rodin
Slice_control/M1/INITIALISATION/where_0/INV,proved,7,rodin
Slice_control/M1/INITIALISATION/where_1/INV,proved,3,rodin
Slice_control/M1/INITIALISATION/where_2/INV,proved,10,rodin
Slice_control/M1/INITIALISATION/where_3/INV,proved,4,rodin
Slice_control/M1/INITIALISATION/where_4/INV,proved,11,rodin
Slice_control/M1/INITIALISATION/where_5/INV,proved,2,rodin
Slice_control/M1/INITIALISATION/where_6/INV,proved,3,rodin
Slice_control/M1/INITIALISATION/where_7/INV,proved,8,rodin
Slice_control/M1/INITIALISATION/init_rot/FIS,proved,2,rodin
Slice_control/M1/INITIALISATION/init_f_rec/FIS,proved,7,rodin
Slice_control/M1/INITIALISATION/init_x_rec/FIS,proved,2,rodin
Slice_control/M1/INITIALISATION/init_d_rec/FIS,proved,3,rodin
Slice_control/M1/INITIALISATION/init_r_rec/FIS,proved,6,rodin
Slice_control/M1/INITIALISATION/init_e_rec/FIS,proved,3,rodin
Slice_control/M1/INITIALISATION/init_m1_rec/FIS,proved,6,rodin
Slice_control/M1/INITIALISATION/init_m2_rec/FIS,proved,3,rodin
Slice_control/M1/INITIALISATION/init_w_rec/FIS,proved,4,rodin
Slice_control/M1/INITIALISATION/init_turn/SIM,proved,2,rodin
Slice_control/M1/INITIALISATION/init_val/SIM,proved,160,z3new/quick
Slice_control/M1/reset/rot_type/INV,proved,20,z3new/quick
Slice_control/M1/reset/f_rec_type/INV,proved,28,z3new/quick
Slice_control/M1/reset/x_rec_type/INV,proved,25,z3new/quick
Slice_control/M1/reset/d_rec_type/INV,proved,26,z3new/quick
Slice_control/M1/reset/r_rec_type/INV,proved,21,z3new/quick
Slice_control/M1/reset/e_rec_type/INV,proved,23,z3new/quick
Slice_control/M1/reset/m1_rec_type/INV,proved,19,z3new/quick
Slice_control/M1/reset/m2_rec_type/INV,proved,28,z3new/quick
Slice_control/M1/reset/w_rec_type/INV,proved,22,z3new/quick
Slice_control/M1/reset/turn_rot/INV,proved,1,rodin
Slice_control/M1/reset/where_0/INV,proved,49,z3new/quick
Slice_control/M1/reset/where_1/INV,proved,2,rodin
Slice_control/M1/reset/where_2/INV,proved,2,rodin
Slice_control/M1/reset/where_3/INV,proved,2,rodin
Slice_control/M1/reset/where_4/INV,proved,2,rodin
Slice_control/M1/reset/where_5/INV,proved,2,rodin
Slice_control/M1/reset/where_6/INV,proved,2,rodin
Slice_control/M1/reset/where_7/INV,proved,2,rodin
Slice_control/M1/clock/t/WWD,proved,57,z3new/quick×2
Slice_control/M1/clock/rot_type/INV,proved,25,z3new/quick
Slice_control/M1/clock/f_rec_type/INV,proved,214,z3a2/all
Slice_control/M1/clock/x_rec_type/INV,proved,3,rodin
Slice_control/M1/clock/d_rec_type/INV,proved,21,rodin
Slice_control/M1/clock/r_rec_type/INV,proved,12,rodin
Slice_control/M1/clock/e_rec_type/INV,proved,1,rodin
Slice_control/M1/clock/m1_rec_type/INV,proved,1,rodin
Slice_control/M1/clock/m2_rec_type/INV,proved,1,rodin
Slice_control/M1/clock/w_rec_type/INV,proved,8,rodin
Slice_control/M1/clock/turn_rot/INV,proved,1,rodin
Slice_control/M1/clock/where_0/INV,proved,3252,split(rot)
Slice_control/M1/clock/where_1/INV,proved,3594,split(rot)
Slice_control/M1/clock/where_2/INV,proved,3656,split(rot)
Slice_control/M1/clock/where_3/INV,proved,3706,split(rot)
Slice_control/M1/clock/where_4/INV,proved,3645,split(rot)
Slice_control/M1/clock/where_5/INV,proved,3391,split(rot)
Slice_control/M1/clock/where_6/INV,proved,3623,split(rot)
Slice_control/M1/clock/where_7/INV,proved,3608,split(rot)
Slice_control/M1/clock/next/GRD,proved,375,z3new/all
Slice_control/M1/clock/rot/WD,proved,38,z3new/quick×2
Slice_control/M1/clock/f_rec/WD,proved,66,z3new/quick×2
Slice_control/M2/INITIALISATION/d_rec_width/INV,proved,9,rodin
Slice_control/M2/INITIALISATION/e_rec_width/INV,proved,6,rodin
Slice_control/M2/INITIALISATION/f_rec_width/INV,proved,5,rodin
Slice_control/M2/INITIALISATION/m1_rec_width/INV,proved,4,rodin
Slice_control/M2/INITIALISATION/m2_rec_width/INV,proved,3,rodin
Slice_control/M2/INITIALISATION/r_rec_width/INV,proved,2,rodin
Slice_control/M2/INITIALISATION/rot_width/INV,proved,5,rodin
Slice_control/M2/INITIALISATION/w_rec_width/INV,proved,3,rodin
Slice_control/M2/INITIALISATION/x_rec_width/INV,proved,1,rodin
Slice_control/M2/reset/d_rec_width/INV,proved,37,z3new/quick
Slice_control/M2/reset/e_rec_width/INV,proved,29,z3new/quick
Slice_control/M2/reset/f_rec_width/INV,proved,31,z3new/quick
Slice_control/M2/reset/m1_rec_width/INV,proved,32,z3new/quick
Slice_control/M2/reset/m2_rec_width/INV,proved,19,z3new/quick
Slice_control/M2/reset/r_rec_width/INV,proved,32,z3new/quick
Slice_control/M2/reset/rot_width/INV,proved,26,z3new/quick
Slice_control/M2/reset/w_rec_width/INV,proved,19,z3new/quick
Slice_control/M2/reset/x_rec_width/INV,proved,24,z3new/quick
Slice_control/M2/reset/d_rec/WD,proved,22,z3new/quick
Slice_control/M2/reset/e_rec/WD,proved,25,z3new/quick
Slice_control/M2/reset/f_rec/WD,proved,47,z3new/quick×3
Slice_control/M2/reset/m1_rec/WD,proved,20,z3new/quick
Slice_control/M2/reset/m2_rec/WD,proved,23,z3new/quick
Slice_control/M2/reset/r_rec/WD,proved,25,z3new/quick
Slice_control/M2/reset/rot/WD,proved,51,z3new/quick×3
Slice_control/M2/reset/w_rec/WD,proved,29,z3new/quick
Slice_control/M2/reset/x_rec/WD,proved,28,z3new/quick
Slice_control/M2/reset/reset_rot/SIM,proved,1,rodin
Slice_control/M2/reset/reset_f_rec/SIM,proved,3,rodin
Slice_control/M2/reset/reset_x_rec/SIM,proved,1,rodin
Slice_control/M2/reset/reset_d_rec/SIM,proved,1,rodin
Slice_control/M2/reset/reset_r_rec/SIM,proved,1,rodin
Slice_control/M2/reset/reset_e_rec/SIM,proved,1,rodin
Slice_control/M2/reset/reset_m1_rec/SIM,proved,3,rodin
Slice_control/M2/reset/reset_m2_rec/SIM,proved,1,rodin
Slice_control/M2/reset/reset_w_rec/SIM,proved,4,rodin
Slice_control/M2/clock/d_rec_width/INV,proved,5,rodin
Slice_control/M2/clock/e_rec_width/INV,proved,3,rodin
Slice_control/M2/clock/f_rec_width/INV,proved,178,z3a2/all
Slice_control/M2/clock/m1_rec_width/INV,proved,6,rodin
Slice_control/M2/clock/m2_rec_width/INV,proved,6,rodin
Slice_control/M2/clock/r_rec_width/INV,proved,10,rodin
Slice_control/M2/clock/rot_width/INV,proved,25,z3new/quick
Slice_control/M2/clock/w_rec_width/INV,proved,5,rodin
Slice_control/M2/clock/x_rec_width/INV,proved,2,rodin
Slice_control/M2/clock/d_rec/WD,proved,45,z3new/quick
Slice_control/M2/clock/e_rec/WD,proved,31,z3new/quick
Slice_control/M2/clock/f_rec/WD,proved,63,z3new/quick×3
Slice_control/M2/clock/m1_rec/WD,proved,31,z3new/quick
Slice_control/M2/clock/m2_rec/WD,proved,22,z3new/quick
Slice_control/M2/clock/r_rec/WD,proved,84,z3new/quick
Slice_control/M2/clock/rot/WD,proved,82,z3new/quick×3
Slice_control/M2/clock/w_rec/WD,proved,69,z3new/quick
Slice_control/M2/clock/x_rec/WD,proved,23,z3new/quick
Slice_control/M2/clock/rot/SIM,proved,109,z3new/all
Slice_control/M2/clock/f_rec/SIM,proved,8,rodin
Slice_control/M2/clock/x_rec/SIM,proved,8,rodin
Slice_control/M2/clock/d_rec/SIM,proved,6,rodin
Slice_control/M2/clock/r_rec/SIM,proved,5,rodin
Slice_control/M2/clock/e_rec/SIM,proved,5,rodin
Slice_control/M2/clock/m1_rec/SIM,proved,11,rodin
Slice_control/M2/clock/m2_rec/SIM,proved,10,rodin
Slice_control/M2/clock/w_rec/SIM,proved,5,rodin
