RotLaps/M0/INITIALISATION/inv1/INV,proved,12,rodin
RotLaps/M0/tick/inv1/INV,proved,81,z3new/quick
RotLaps/M1/cover/THM,proved,104,z3new/quick
RotLaps/M1/INITIALISATION/inv1/INV,proved,258,cvc5/all
RotLaps/M1/INITIALISATION/glue/INV,proved,21,rodin
RotLaps/M1/wrap/inv1/INV,proved,55,z3new/quick
RotLaps/M1/wrap/glue/INV,proved,190,z3new/quick cvc5/none
RotLaps/M1/step/inv1/INV,proved,130,z3new/quick
RotLaps/M1/step/glue/INV,proved,26,rodin
FieldInt/M0/INITIALISATION/fields/INV,proved,75,z3new/quick×3
FieldInt/M0/insert/fields/INV,proved,14,rodin
FieldInt/M1/INITIALISATION/word/INV,proved,35,z3new/quick
FieldInt/M1/INITIALISATION/glue/INV,proved,24,rodin
FieldInt/M1/insert/word/INV,proved,88,z3new/quick
FieldInt/M1/insert/glue/INV,proved,605,z3new/all
FieldInt/M1/extract/grd1/GRD,proved,627,z3a2/all
DecodeInt/M0/INITIALISATION/fields/INV,proved,65,z3new/quick×3
DecodeInt/M0/set_rd/fields/INV,proved,14,rodin
DecodeInt/M1/INITIALISATION/word/INV,proved,50,z3new/quick
DecodeInt/M1/INITIALISATION/glue/INV,proved,12,rodin
DecodeInt/M1/decode/grd1/GRD,proved,4162,z3new/all×4 z3a2/all split(f3)
DecodeInt/M1/set_rd/word/INV,proved,49,z3new/quick
DecodeInt/M1/set_rd/glue/INV,proved,952,z3new/all
AddInt/M0/INITIALISATION/words/INV,proved,31,z3new/quick
AddInt/M0/load/words/INV,proved,6,rodin
AddInt/M0/add/words/INV,proved,9,rodin
AddInt/M0/sub/words/INV,proved,11,rodin
AddInt/M1/add/grd1/GRD,proved,205,z3new/quick×2
AddInt/M1/add/act1/SIM,proved,74,rodin
AddInt/M1/sub/grd1/GRD,proved,252,z3new/quick×3
AddInt/M1/sub/act1/SIM,proved,106,rodin
Shift/M0/INITIALISATION/words/INV,proved,29,z3new/quick
Shift/M0/load/words/INV,proved,7,rodin
Shift/M0/sll/words/INV,proved,16,rodin
Shift/M0/srl/words/INV,proved,42,z3new/quick
Shift/M1/sll/act1/SIM,proved,2186,split(k0)
Shift/M1/srl/act1/SIM,proved,77,z3new/quick
BridgeRegion/M0/INITIALISATION/outputs/INV,proved,42,z3new/quick
BridgeRegion/M0/eval/outputs/INV,proved,89,z3new/quick
BridgeRegion/M0/eval/act0/WD,proved,66,z3new/quick×2
BridgeRegion/M1/eval/act0/WD,proved,39,z3new/quick×2
BridgeRegion/M1/eval/act0/SIM,proved,44,z3new/quick
BridgeAluGates/M0/INITIALISATION/word/INV,proved,80,z3new/quick
BridgeAluGates/M0/add/word/INV,proved,92,z3new/quick
BridgeAluGates/M0/add/act1/WD,proved,98,z3new/quick×2
BridgeAluGates/M0/sub/word/INV,proved,177,z3new/quick
BridgeAluGates/M0/sub/act1/WD,proved,255,z3new/quick×2
BridgeAluGates/M0/sll/word/INV,proved,327,z3new/quick
BridgeAluGates/M0/sll/act1/WD,proved,2089,z3new/quick×62
BridgeAluGates/M0/slt/word/INV,proved,141,z3new/quick
BridgeAluGates/M0/slt/act1/WD,proved,116,z3new/quick×2
BridgeAluGates/M0/sltu/word/INV,proved,88,z3new/quick
BridgeAluGates/M0/sltu/act1/WD,proved,79,z3new/quick×2
BridgeAluGates/M0/xor/word/INV,proved,359,z3new/quick
BridgeAluGates/M0/srl/word/INV,proved,279,z3new/quick
BridgeAluGates/M0/srl/act1/WD,proved,2017,z3new/quick×62
BridgeAluGates/M0/sra/word/INV,proved,334,z3new/quick
BridgeAluGates/M0/sra/act1/WD,proved,1843,z3new/quick×62
BridgeAluGates/M0/or/word/INV,proved,71,z3new/quick
BridgeAluGates/M0/and/word/INV,proved,136,z3new/quick
BridgeAluGates/M1/sll_1_0/op/GRD,proved,59,rodin
BridgeAluGates/M1/sll_1_1/op/GRD,proved,79,rodin
BridgeAluGates/M1/slt_2_0/op/GRD,proved,40,rodin
BridgeAluGates/M1/slt_2_1/op/GRD,proved,48,rodin
BridgeAluGates/M1/sltu_3_0/op/GRD,proved,31,rodin
BridgeAluGates/M1/sltu_3_1/op/GRD,proved,16,rodin
BridgeAluGates/M1/xor_4_0/op/GRD,proved,321,rodin
BridgeAluGates/M1/xor_4_1/op/GRD,proved,178,rodin
BridgeAluGates/M1/sra_5_1/act1/WD,proved,1734,z3new/quick×62
BridgeAluGates/M1/sra_5_1/act1/SIM,proved,800,z3new/quick
BridgeAluGates/M1/or_6_0/op/GRD,proved,55,rodin
BridgeAluGates/M1/or_6_1/op/GRD,proved,133,rodin
BridgeAluGates/M1/and_7_0/op/GRD,proved,92,rodin
BridgeAluGates/M1/and_7_1/op/GRD,proved,80,rodin
